-- phpMyAdmin SQL Dump
-- version 5.1.1
-- https://www.phpmyadmin.net/
--
-- Máy chủ: 127.0.0.1
-- Thời gian đã tạo: Th3 19, 2022 lúc 03:29 PM
-- Phiên bản máy phục vụ: 10.4.22-MariaDB
-- Phiên bản PHP: 8.1.2

SET SQL_MODE = "NO_AUTO_VALUE_ON_ZERO";
START TRANSACTION;
SET time_zone = "+00:00";


/*!40101 SET @OLD_CHARACTER_SET_CLIENT=@@CHARACTER_SET_CLIENT */;
/*!40101 SET @OLD_CHARACTER_SET_RESULTS=@@CHARACTER_SET_RESULTS */;
/*!40101 SET @OLD_COLLATION_CONNECTION=@@COLLATION_CONNECTION */;
/*!40101 SET NAMES utf8mb4 */;

--
-- Cơ sở dữ liệu: `shop_giay_laravel`
--

-- --------------------------------------------------------

--
-- Cấu trúc bảng cho bảng `carts`
--

CREATE TABLE `carts` (
  `id` bigint(20) UNSIGNED NOT NULL,
  `customer_id` bigint(20) UNSIGNED NOT NULL,
  `product_id` int(11) NOT NULL,
  `pty` int(11) NOT NULL,
  `price` int(11) NOT NULL
) ENGINE=InnoDB DEFAULT CHARSET=utf8mb4 COLLATE=utf8mb4_unicode_ci;

--
-- Đang đổ dữ liệu cho bảng `carts`
--

INSERT INTO `carts` (`id`, `customer_id`, `product_id`, `pty`, `price`) VALUES
(7, 7, 36, 1, 300000),
(8, 7, 37, 1, 200000),
(9, 8, 36, 1, 300000),
(10, 8, 37, 1, 200000),
(11, 9, 37, 1, 200000),
(12, 10, 36, 1, 300000),
(13, 10, 37, 1, 200000),
(14, 11, 36, 1, 300000),
(15, 11, 37, 1, 200000),
(16, 12, 36, 1, 300000),
(17, 12, 37, 1, 200000),
(18, 13, 37, 1, 200000),
(19, 14, 37, 1, 200000),
(20, 15, 37, 1, 200000),
(21, 16, 36, 1, 300000),
(22, 17, 36, 1, 300000),
(23, 18, 36, 1, 300000),
(24, 19, 36, 1, 300000),
(25, 20, 36, 1, 300000),
(26, 21, 36, 1, 300000),
(27, 22, 36, 1, 300000),
(28, 23, 37, 1, 200000),
(29, 24, 39, 2, 3000000),
(30, 25, 39, 4, 3000000);

-- --------------------------------------------------------

--
-- Cấu trúc bảng cho bảng `customers`
--

CREATE TABLE `customers` (
  `id` bigint(20) UNSIGNED NOT NULL,
  `name` varchar(255) COLLATE utf8mb4_unicode_ci NOT NULL,
  `phone` varchar(255) COLLATE utf8mb4_unicode_ci NOT NULL,
  `address` varchar(255) COLLATE utf8mb4_unicode_ci NOT NULL,
  `email` varchar(255) COLLATE utf8mb4_unicode_ci NOT NULL,
  `content` text COLLATE utf8mb4_unicode_ci NOT NULL,
  `created_at` timestamp NULL DEFAULT NULL,
  `updated_at` timestamp NULL DEFAULT NULL
) ENGINE=InnoDB DEFAULT CHARSET=utf8mb4 COLLATE=utf8mb4_unicode_ci;

--
-- Đang đổ dữ liệu cho bảng `customers`
--

INSERT INTO `customers` (`id`, `name`, `phone`, `address`, `email`, `content`, `created_at`, `updated_at`) VALUES
(7, 'Hà Trí Khang', '0776184410', '490/124/17A Lý Thái Tổ', 'admin@localhost.com', '123456789', '2021-12-07 08:32:42', '2021-12-07 08:32:42'),
(8, 'Hà Trí Khang', '0776184410', '490/124/17A Lý Thái Tổ', 'admin@localhost.com', '123456', '2021-12-07 08:48:36', '2021-12-07 08:48:36'),
(9, 'Hà Trí Khang', '0776184410', '490/124/17A Lý Thái Tổ', 'hatrikhang@yahoo.com.vn', '123456', '2021-12-07 09:15:45', '2021-12-07 09:15:45'),
(10, 'Hà Trí Khang', '0776184410', '490/124/17A Lý Thái Tổ', 'hatrikhang@yahoo.com.vn', '132456', '2021-12-07 09:25:29', '2021-12-07 09:25:29'),
(11, 'Hà Trí Khang', '0776184410', '490/124/17A Lý Thái Tổ', 'admin@localhost.com', '123456', '2021-12-07 09:37:51', '2021-12-07 09:37:51'),
(12, 'Hà Trí Khang', '0776184410', '490/124/17A Lý Thái Tổ', 'admin@localhost.com', '123456', '2021-12-07 09:48:18', '2021-12-07 09:48:18'),
(13, 'Hà Trí Khang', '0776184410', '490/124/17A Lý Thái Tổ', 'admin@localhost.com', '123456', '2021-12-07 09:50:27', '2021-12-07 09:50:27'),
(14, 'Hà Trí Khang', '0776184410', '490/124/17A Lý Thái Tổ', 'hatrikhang@yahoo.com.vn', '123456', '2021-12-07 10:08:24', '2021-12-07 10:08:24'),
(15, 'Hà Trí Khang', '0776184410', '490/124/17A Lý Thái Tổ', 'hatrikhang@yahoo.com.vn', '7894532', '2021-12-07 10:17:10', '2021-12-07 10:17:10'),
(16, 'Hà Trí Khang', '0776184410', '490/124/17A Lý Thái Tổ', 'hatrikhang@yahoo.com.vn', 'nonono', '2021-12-07 10:21:20', '2021-12-07 10:21:20'),
(17, 'Hà Trí Khang', '0776184410', '490/124/17A Lý Thái Tổ', '0919663396khang@gmail.com', '123456', '2021-12-07 10:36:40', '2021-12-07 10:36:40'),
(18, 'Hà Trí Khang', '0776184410', '490/124/17A Lý Thái Tổ', '0919663396khang@gmail.com', '123456', '2021-12-07 10:40:59', '2021-12-07 10:40:59'),
(19, 'Hà Trí Khang', '0776184410', '490/124/17A Lý Thái Tổ', '0919663396khang@gmail.com', '123456', '2021-12-07 10:51:23', '2021-12-07 10:51:23'),
(20, 'Hà Trí Khang', '0776184410', '490/124/17A Lý Thái Tổ', '0919663396khang@gmail.com', '1234567', '2021-12-07 10:52:27', '2021-12-07 10:52:27'),
(21, 'Hà Trí Khang', '0776184410', '490/124/17A Lý Thái Tổ', '0919663396khang@gmail.com', '123456', '2021-12-07 10:54:39', '2021-12-07 10:54:39'),
(22, 'Hà Trí Khang', '0776184410', '490/124/17A Lý Thái Tổ', '0919663396khang@gmail.com', '123456', '2021-12-07 11:10:01', '2021-12-07 11:10:01'),
(23, 'Hà Trí Khang', '0776184410', '490 LTK', '0919663396khang@gmail.com', '123456', '2021-12-07 23:15:45', '2021-12-07 23:15:45'),
(24, 'Hà Trí Khang', '0776184410', '490 LTK', '0919663396khang@gmail.com', '12346579', '2021-12-07 23:47:28', '2021-12-07 23:47:28'),
(25, 'xxx', '567567567', '43534ffgf', 'ddd@gmail.com', '78orthh', '2022-03-15 20:54:46', '2022-03-15 20:54:46');

-- --------------------------------------------------------

--
-- Cấu trúc bảng cho bảng `failed_jobs`
--

CREATE TABLE `failed_jobs` (
  `id` bigint(20) UNSIGNED NOT NULL,
  `uuid` varchar(255) COLLATE utf8mb4_unicode_ci NOT NULL,
  `connection` text COLLATE utf8mb4_unicode_ci NOT NULL,
  `queue` text COLLATE utf8mb4_unicode_ci NOT NULL,
  `payload` longtext COLLATE utf8mb4_unicode_ci NOT NULL,
  `exception` longtext COLLATE utf8mb4_unicode_ci NOT NULL,
  `failed_at` timestamp NOT NULL DEFAULT current_timestamp()
) ENGINE=InnoDB DEFAULT CHARSET=utf8mb4 COLLATE=utf8mb4_unicode_ci;

--
-- Đang đổ dữ liệu cho bảng `failed_jobs`
--

INSERT INTO `failed_jobs` (`id`, `uuid`, `connection`, `queue`, `payload`, `exception`, `failed_at`) VALUES
(1, 'b705cfca-b191-423e-8cfb-1467d0bef264', 'database', 'default', '{\"uuid\":\"b705cfca-b191-423e-8cfb-1467d0bef264\",\"displayName\":\"App\\\\Jobs\\\\SendMail\",\"job\":\"Illuminate\\\\Queue\\\\CallQueuedHandler@call\",\"maxTries\":null,\"maxExceptions\":null,\"failOnTimeout\":false,\"backoff\":null,\"timeout\":null,\"retryUntil\":null,\"data\":{\"commandName\":\"App\\\\Jobs\\\\SendMail\",\"command\":\"O:17:\\\"App\\\\Jobs\\\\SendMail\\\":11:{s:8:\\\"\\u0000*\\u0000email\\\";s:23:\\\"hatrikhang@yahoo.com.vn\\\";s:3:\\\"job\\\";N;s:10:\\\"connection\\\";N;s:5:\\\"queue\\\";N;s:15:\\\"chainConnection\\\";N;s:10:\\\"chainQueue\\\";N;s:19:\\\"chainCatchCallbacks\\\";N;s:5:\\\"delay\\\";O:25:\\\"Illuminate\\\\Support\\\\Carbon\\\":3:{s:4:\\\"date\\\";s:26:\\\"2021-12-07 16:15:47.813684\\\";s:13:\\\"timezone_type\\\";i:3;s:8:\\\"timezone\\\";s:3:\\\"UTC\\\";}s:11:\\\"afterCommit\\\";N;s:10:\\\"middleware\\\";a:0:{}s:7:\\\"chained\\\";a:0:{}}\"}}', 'Swift_TransportException: Connection could not be established with host mailhog :stream_socket_client(): php_network_getaddresses: getaddrinfo failed: No such host is known.  in D:\\xampp\\htdocs\\laravel\\Source\\vendor\\swiftmailer\\swiftmailer\\lib\\classes\\Swift\\Transport\\StreamBuffer.php:261\nStack trace:\n#0 [internal function]: Swift_Transport_StreamBuffer->{closure}(2, \'stream_socket_c...\', \'D:\\\\xampp\\\\htdocs...\', 264)\n#1 D:\\xampp\\htdocs\\laravel\\Source\\vendor\\swiftmailer\\swiftmailer\\lib\\classes\\Swift\\Transport\\StreamBuffer.php(264): stream_socket_client(\'mailhog:1025\', 0, \'\', 30, 4, Resource id #769)\n#2 D:\\xampp\\htdocs\\laravel\\Source\\vendor\\swiftmailer\\swiftmailer\\lib\\classes\\Swift\\Transport\\StreamBuffer.php(58): Swift_Transport_StreamBuffer->establishSocketConnection()\n#3 D:\\xampp\\htdocs\\laravel\\Source\\vendor\\swiftmailer\\swiftmailer\\lib\\classes\\Swift\\Transport\\AbstractSmtpTransport.php(143): Swift_Transport_StreamBuffer->initialize(Array)\n#4 D:\\xampp\\htdocs\\laravel\\Source\\vendor\\swiftmailer\\swiftmailer\\lib\\classes\\Swift\\Mailer.php(65): Swift_Transport_AbstractSmtpTransport->start()\n#5 D:\\xampp\\htdocs\\laravel\\Source\\vendor\\laravel\\framework\\src\\Illuminate\\Mail\\Mailer.php(521): Swift_Mailer->send(Object(Swift_Message), Array)\n#6 D:\\xampp\\htdocs\\laravel\\Source\\vendor\\laravel\\framework\\src\\Illuminate\\Mail\\Mailer.php(288): Illuminate\\Mail\\Mailer->sendSwiftMessage(Object(Swift_Message))\n#7 D:\\xampp\\htdocs\\laravel\\Source\\vendor\\laravel\\framework\\src\\Illuminate\\Mail\\Mailable.php(187): Illuminate\\Mail\\Mailer->send(\'mail.success\', Array, Object(Closure))\n#8 D:\\xampp\\htdocs\\laravel\\Source\\vendor\\laravel\\framework\\src\\Illuminate\\Support\\Traits\\Localizable.php(19): Illuminate\\Mail\\Mailable->Illuminate\\Mail\\{closure}()\n#9 D:\\xampp\\htdocs\\laravel\\Source\\vendor\\laravel\\framework\\src\\Illuminate\\Mail\\Mailable.php(188): Illuminate\\Mail\\Mailable->withLocale(NULL, Object(Closure))\n#10 D:\\xampp\\htdocs\\laravel\\Source\\vendor\\laravel\\framework\\src\\Illuminate\\Mail\\Mailer.php(304): Illuminate\\Mail\\Mailable->send(Object(Illuminate\\Mail\\Mailer))\n#11 D:\\xampp\\htdocs\\laravel\\Source\\vendor\\laravel\\framework\\src\\Illuminate\\Mail\\Mailer.php(258): Illuminate\\Mail\\Mailer->sendMailable(Object(App\\Mail\\OrderShipped))\n#12 D:\\xampp\\htdocs\\laravel\\Source\\vendor\\laravel\\framework\\src\\Illuminate\\Mail\\PendingMail.php(124): Illuminate\\Mail\\Mailer->send(Object(App\\Mail\\OrderShipped))\n#13 D:\\xampp\\htdocs\\laravel\\Source\\app\\Jobs\\SendMail.php(36): Illuminate\\Mail\\PendingMail->send(Object(App\\Mail\\OrderShipped))\n#14 D:\\xampp\\htdocs\\laravel\\Source\\vendor\\laravel\\framework\\src\\Illuminate\\Container\\BoundMethod.php(36): App\\Jobs\\SendMail->handle()\n#15 D:\\xampp\\htdocs\\laravel\\Source\\vendor\\laravel\\framework\\src\\Illuminate\\Container\\Util.php(40): Illuminate\\Container\\BoundMethod::Illuminate\\Container\\{closure}()\n#16 D:\\xampp\\htdocs\\laravel\\Source\\vendor\\laravel\\framework\\src\\Illuminate\\Container\\BoundMethod.php(93): Illuminate\\Container\\Util::unwrapIfClosure(Object(Closure))\n#17 D:\\xampp\\htdocs\\laravel\\Source\\vendor\\laravel\\framework\\src\\Illuminate\\Container\\BoundMethod.php(37): Illuminate\\Container\\BoundMethod::callBoundMethod(Object(Illuminate\\Foundation\\Application), Array, Object(Closure))\n#18 D:\\xampp\\htdocs\\laravel\\Source\\vendor\\laravel\\framework\\src\\Illuminate\\Container\\Container.php(653): Illuminate\\Container\\BoundMethod::call(Object(Illuminate\\Foundation\\Application), Array, Array, NULL)\n#19 D:\\xampp\\htdocs\\laravel\\Source\\vendor\\laravel\\framework\\src\\Illuminate\\Bus\\Dispatcher.php(128): Illuminate\\Container\\Container->call(Array)\n#20 D:\\xampp\\htdocs\\laravel\\Source\\vendor\\laravel\\framework\\src\\Illuminate\\Pipeline\\Pipeline.php(128): Illuminate\\Bus\\Dispatcher->Illuminate\\Bus\\{closure}(Object(App\\Jobs\\SendMail))\n#21 D:\\xampp\\htdocs\\laravel\\Source\\vendor\\laravel\\framework\\src\\Illuminate\\Pipeline\\Pipeline.php(103): Illuminate\\Pipeline\\Pipeline->Illuminate\\Pipeline\\{closure}(Object(App\\Jobs\\SendMail))\n#22 D:\\xampp\\htdocs\\laravel\\Source\\vendor\\laravel\\framework\\src\\Illuminate\\Bus\\Dispatcher.php(132): Illuminate\\Pipeline\\Pipeline->then(Object(Closure))\n#23 D:\\xampp\\htdocs\\laravel\\Source\\vendor\\laravel\\framework\\src\\Illuminate\\Queue\\CallQueuedHandler.php(120): Illuminate\\Bus\\Dispatcher->dispatchNow(Object(App\\Jobs\\SendMail), false)\n#24 D:\\xampp\\htdocs\\laravel\\Source\\vendor\\laravel\\framework\\src\\Illuminate\\Pipeline\\Pipeline.php(128): Illuminate\\Queue\\CallQueuedHandler->Illuminate\\Queue\\{closure}(Object(App\\Jobs\\SendMail))\n#25 D:\\xampp\\htdocs\\laravel\\Source\\vendor\\laravel\\framework\\src\\Illuminate\\Pipeline\\Pipeline.php(103): Illuminate\\Pipeline\\Pipeline->Illuminate\\Pipeline\\{closure}(Object(App\\Jobs\\SendMail))\n#26 D:\\xampp\\htdocs\\laravel\\Source\\vendor\\laravel\\framework\\src\\Illuminate\\Queue\\CallQueuedHandler.php(122): Illuminate\\Pipeline\\Pipeline->then(Object(Closure))\n#27 D:\\xampp\\htdocs\\laravel\\Source\\vendor\\laravel\\framework\\src\\Illuminate\\Queue\\CallQueuedHandler.php(70): Illuminate\\Queue\\CallQueuedHandler->dispatchThroughMiddleware(Object(Illuminate\\Queue\\Jobs\\DatabaseJob), Object(App\\Jobs\\SendMail))\n#28 D:\\xampp\\htdocs\\laravel\\Source\\vendor\\laravel\\framework\\src\\Illuminate\\Queue\\Jobs\\Job.php(98): Illuminate\\Queue\\CallQueuedHandler->call(Object(Illuminate\\Queue\\Jobs\\DatabaseJob), Array)\n#29 D:\\xampp\\htdocs\\laravel\\Source\\vendor\\laravel\\framework\\src\\Illuminate\\Queue\\Worker.php(428): Illuminate\\Queue\\Jobs\\Job->fire()\n#30 D:\\xampp\\htdocs\\laravel\\Source\\vendor\\laravel\\framework\\src\\Illuminate\\Queue\\Worker.php(378): Illuminate\\Queue\\Worker->process(\'database\', Object(Illuminate\\Queue\\Jobs\\DatabaseJob), Object(Illuminate\\Queue\\WorkerOptions))\n#31 D:\\xampp\\htdocs\\laravel\\Source\\vendor\\laravel\\framework\\src\\Illuminate\\Queue\\Worker.php(172): Illuminate\\Queue\\Worker->runJob(Object(Illuminate\\Queue\\Jobs\\DatabaseJob), \'database\', Object(Illuminate\\Queue\\WorkerOptions))\n#32 D:\\xampp\\htdocs\\laravel\\Source\\vendor\\laravel\\framework\\src\\Illuminate\\Queue\\Console\\WorkCommand.php(117): Illuminate\\Queue\\Worker->daemon(\'database\', \'default\', Object(Illuminate\\Queue\\WorkerOptions))\n#33 D:\\xampp\\htdocs\\laravel\\Source\\vendor\\laravel\\framework\\src\\Illuminate\\Queue\\Console\\WorkCommand.php(101): Illuminate\\Queue\\Console\\WorkCommand->runWorker(\'database\', \'default\')\n#34 D:\\xampp\\htdocs\\laravel\\Source\\vendor\\laravel\\framework\\src\\Illuminate\\Container\\BoundMethod.php(36): Illuminate\\Queue\\Console\\WorkCommand->handle()\n#35 D:\\xampp\\htdocs\\laravel\\Source\\vendor\\laravel\\framework\\src\\Illuminate\\Container\\Util.php(40): Illuminate\\Container\\BoundMethod::Illuminate\\Container\\{closure}()\n#36 D:\\xampp\\htdocs\\laravel\\Source\\vendor\\laravel\\framework\\src\\Illuminate\\Container\\BoundMethod.php(93): Illuminate\\Container\\Util::unwrapIfClosure(Object(Closure))\n#37 D:\\xampp\\htdocs\\laravel\\Source\\vendor\\laravel\\framework\\src\\Illuminate\\Container\\BoundMethod.php(37): Illuminate\\Container\\BoundMethod::callBoundMethod(Object(Illuminate\\Foundation\\Application), Array, Object(Closure))\n#38 D:\\xampp\\htdocs\\laravel\\Source\\vendor\\laravel\\framework\\src\\Illuminate\\Container\\Container.php(653): Illuminate\\Container\\BoundMethod::call(Object(Illuminate\\Foundation\\Application), Array, Array, NULL)\n#39 D:\\xampp\\htdocs\\laravel\\Source\\vendor\\laravel\\framework\\src\\Illuminate\\Console\\Command.php(136): Illuminate\\Container\\Container->call(Array)\n#40 D:\\xampp\\htdocs\\laravel\\Source\\vendor\\symfony\\console\\Command\\Command.php(298): Illuminate\\Console\\Command->execute(Object(Symfony\\Component\\Console\\Input\\ArgvInput), Object(Illuminate\\Console\\OutputStyle))\n#41 D:\\xampp\\htdocs\\laravel\\Source\\vendor\\laravel\\framework\\src\\Illuminate\\Console\\Command.php(121): Symfony\\Component\\Console\\Command\\Command->run(Object(Symfony\\Component\\Console\\Input\\ArgvInput), Object(Illuminate\\Console\\OutputStyle))\n#42 D:\\xampp\\htdocs\\laravel\\Source\\vendor\\symfony\\console\\Application.php(1005): Illuminate\\Console\\Command->run(Object(Symfony\\Component\\Console\\Input\\ArgvInput), Object(Symfony\\Component\\Console\\Output\\ConsoleOutput))\n#43 D:\\xampp\\htdocs\\laravel\\Source\\vendor\\symfony\\console\\Application.php(299): Symfony\\Component\\Console\\Application->doRunCommand(Object(Illuminate\\Queue\\Console\\WorkCommand), Object(Symfony\\Component\\Console\\Input\\ArgvInput), Object(Symfony\\Component\\Console\\Output\\ConsoleOutput))\n#44 D:\\xampp\\htdocs\\laravel\\Source\\vendor\\symfony\\console\\Application.php(171): Symfony\\Component\\Console\\Application->doRun(Object(Symfony\\Component\\Console\\Input\\ArgvInput), Object(Symfony\\Component\\Console\\Output\\ConsoleOutput))\n#45 D:\\xampp\\htdocs\\laravel\\Source\\vendor\\laravel\\framework\\src\\Illuminate\\Console\\Application.php(94): Symfony\\Component\\Console\\Application->run(Object(Symfony\\Component\\Console\\Input\\ArgvInput), Object(Symfony\\Component\\Console\\Output\\ConsoleOutput))\n#46 D:\\xampp\\htdocs\\laravel\\Source\\vendor\\laravel\\framework\\src\\Illuminate\\Foundation\\Console\\Kernel.php(129): Illuminate\\Console\\Application->run(Object(Symfony\\Component\\Console\\Input\\ArgvInput), Object(Symfony\\Component\\Console\\Output\\ConsoleOutput))\n#47 D:\\xampp\\htdocs\\laravel\\Source\\artisan(37): Illuminate\\Foundation\\Console\\Kernel->handle(Object(Symfony\\Component\\Console\\Input\\ArgvInput), Object(Symfony\\Component\\Console\\Output\\ConsoleOutput))\n#48 {main}', '2021-12-07 09:15:54'),
(2, 'ad6fb15e-519d-45c6-9631-9b0e68c9945a', 'database', 'default', '{\"uuid\":\"ad6fb15e-519d-45c6-9631-9b0e68c9945a\",\"displayName\":\"App\\\\Jobs\\\\SendMail\",\"job\":\"Illuminate\\\\Queue\\\\CallQueuedHandler@call\",\"maxTries\":null,\"maxExceptions\":null,\"failOnTimeout\":false,\"backoff\":null,\"timeout\":null,\"retryUntil\":null,\"data\":{\"commandName\":\"App\\\\Jobs\\\\SendMail\",\"command\":\"O:17:\\\"App\\\\Jobs\\\\SendMail\\\":11:{s:8:\\\"\\u0000*\\u0000email\\\";s:19:\\\"admin@localhost.com\\\";s:3:\\\"job\\\";N;s:10:\\\"connection\\\";N;s:5:\\\"queue\\\";N;s:15:\\\"chainConnection\\\";N;s:10:\\\"chainQueue\\\";N;s:19:\\\"chainCatchCallbacks\\\";N;s:5:\\\"delay\\\";O:25:\\\"Illuminate\\\\Support\\\\Carbon\\\":3:{s:4:\\\"date\\\";s:26:\\\"2021-12-07 16:50:29.782478\\\";s:13:\\\"timezone_type\\\";i:3;s:8:\\\"timezone\\\";s:3:\\\"UTC\\\";}s:11:\\\"afterCommit\\\";N;s:10:\\\"middleware\\\";a:0:{}s:7:\\\"chained\\\";a:0:{}}\"}}', 'Swift_TransportException: Connection could not be established with host mailhog :stream_socket_client(): php_network_getaddresses: getaddrinfo failed: No such host is known.  in D:\\xampp\\htdocs\\laravel\\Source\\vendor\\swiftmailer\\swiftmailer\\lib\\classes\\Swift\\Transport\\StreamBuffer.php:261\nStack trace:\n#0 [internal function]: Swift_Transport_StreamBuffer->{closure}(2, \'stream_socket_c...\', \'D:\\\\xampp\\\\htdocs...\', 264)\n#1 D:\\xampp\\htdocs\\laravel\\Source\\vendor\\swiftmailer\\swiftmailer\\lib\\classes\\Swift\\Transport\\StreamBuffer.php(264): stream_socket_client(\'mailhog:1025\', 0, \'\', 30, 4, Resource id #769)\n#2 D:\\xampp\\htdocs\\laravel\\Source\\vendor\\swiftmailer\\swiftmailer\\lib\\classes\\Swift\\Transport\\StreamBuffer.php(58): Swift_Transport_StreamBuffer->establishSocketConnection()\n#3 D:\\xampp\\htdocs\\laravel\\Source\\vendor\\swiftmailer\\swiftmailer\\lib\\classes\\Swift\\Transport\\AbstractSmtpTransport.php(143): Swift_Transport_StreamBuffer->initialize(Array)\n#4 D:\\xampp\\htdocs\\laravel\\Source\\vendor\\swiftmailer\\swiftmailer\\lib\\classes\\Swift\\Mailer.php(65): Swift_Transport_AbstractSmtpTransport->start()\n#5 D:\\xampp\\htdocs\\laravel\\Source\\vendor\\laravel\\framework\\src\\Illuminate\\Mail\\Mailer.php(521): Swift_Mailer->send(Object(Swift_Message), Array)\n#6 D:\\xampp\\htdocs\\laravel\\Source\\vendor\\laravel\\framework\\src\\Illuminate\\Mail\\Mailer.php(288): Illuminate\\Mail\\Mailer->sendSwiftMessage(Object(Swift_Message))\n#7 D:\\xampp\\htdocs\\laravel\\Source\\vendor\\laravel\\framework\\src\\Illuminate\\Mail\\Mailable.php(187): Illuminate\\Mail\\Mailer->send(\'mail.success\', Array, Object(Closure))\n#8 D:\\xampp\\htdocs\\laravel\\Source\\vendor\\laravel\\framework\\src\\Illuminate\\Support\\Traits\\Localizable.php(19): Illuminate\\Mail\\Mailable->Illuminate\\Mail\\{closure}()\n#9 D:\\xampp\\htdocs\\laravel\\Source\\vendor\\laravel\\framework\\src\\Illuminate\\Mail\\Mailable.php(188): Illuminate\\Mail\\Mailable->withLocale(NULL, Object(Closure))\n#10 D:\\xampp\\htdocs\\laravel\\Source\\vendor\\laravel\\framework\\src\\Illuminate\\Mail\\Mailer.php(304): Illuminate\\Mail\\Mailable->send(Object(Illuminate\\Mail\\Mailer))\n#11 D:\\xampp\\htdocs\\laravel\\Source\\vendor\\laravel\\framework\\src\\Illuminate\\Mail\\Mailer.php(258): Illuminate\\Mail\\Mailer->sendMailable(Object(App\\Mail\\OrderShipped))\n#12 D:\\xampp\\htdocs\\laravel\\Source\\vendor\\laravel\\framework\\src\\Illuminate\\Mail\\PendingMail.php(124): Illuminate\\Mail\\Mailer->send(Object(App\\Mail\\OrderShipped))\n#13 D:\\xampp\\htdocs\\laravel\\Source\\app\\Jobs\\SendMail.php(36): Illuminate\\Mail\\PendingMail->send(Object(App\\Mail\\OrderShipped))\n#14 D:\\xampp\\htdocs\\laravel\\Source\\vendor\\laravel\\framework\\src\\Illuminate\\Container\\BoundMethod.php(36): App\\Jobs\\SendMail->handle()\n#15 D:\\xampp\\htdocs\\laravel\\Source\\vendor\\laravel\\framework\\src\\Illuminate\\Container\\Util.php(40): Illuminate\\Container\\BoundMethod::Illuminate\\Container\\{closure}()\n#16 D:\\xampp\\htdocs\\laravel\\Source\\vendor\\laravel\\framework\\src\\Illuminate\\Container\\BoundMethod.php(93): Illuminate\\Container\\Util::unwrapIfClosure(Object(Closure))\n#17 D:\\xampp\\htdocs\\laravel\\Source\\vendor\\laravel\\framework\\src\\Illuminate\\Container\\BoundMethod.php(37): Illuminate\\Container\\BoundMethod::callBoundMethod(Object(Illuminate\\Foundation\\Application), Array, Object(Closure))\n#18 D:\\xampp\\htdocs\\laravel\\Source\\vendor\\laravel\\framework\\src\\Illuminate\\Container\\Container.php(653): Illuminate\\Container\\BoundMethod::call(Object(Illuminate\\Foundation\\Application), Array, Array, NULL)\n#19 D:\\xampp\\htdocs\\laravel\\Source\\vendor\\laravel\\framework\\src\\Illuminate\\Bus\\Dispatcher.php(128): Illuminate\\Container\\Container->call(Array)\n#20 D:\\xampp\\htdocs\\laravel\\Source\\vendor\\laravel\\framework\\src\\Illuminate\\Pipeline\\Pipeline.php(128): Illuminate\\Bus\\Dispatcher->Illuminate\\Bus\\{closure}(Object(App\\Jobs\\SendMail))\n#21 D:\\xampp\\htdocs\\laravel\\Source\\vendor\\laravel\\framework\\src\\Illuminate\\Pipeline\\Pipeline.php(103): Illuminate\\Pipeline\\Pipeline->Illuminate\\Pipeline\\{closure}(Object(App\\Jobs\\SendMail))\n#22 D:\\xampp\\htdocs\\laravel\\Source\\vendor\\laravel\\framework\\src\\Illuminate\\Bus\\Dispatcher.php(132): Illuminate\\Pipeline\\Pipeline->then(Object(Closure))\n#23 D:\\xampp\\htdocs\\laravel\\Source\\vendor\\laravel\\framework\\src\\Illuminate\\Queue\\CallQueuedHandler.php(120): Illuminate\\Bus\\Dispatcher->dispatchNow(Object(App\\Jobs\\SendMail), false)\n#24 D:\\xampp\\htdocs\\laravel\\Source\\vendor\\laravel\\framework\\src\\Illuminate\\Pipeline\\Pipeline.php(128): Illuminate\\Queue\\CallQueuedHandler->Illuminate\\Queue\\{closure}(Object(App\\Jobs\\SendMail))\n#25 D:\\xampp\\htdocs\\laravel\\Source\\vendor\\laravel\\framework\\src\\Illuminate\\Pipeline\\Pipeline.php(103): Illuminate\\Pipeline\\Pipeline->Illuminate\\Pipeline\\{closure}(Object(App\\Jobs\\SendMail))\n#26 D:\\xampp\\htdocs\\laravel\\Source\\vendor\\laravel\\framework\\src\\Illuminate\\Queue\\CallQueuedHandler.php(122): Illuminate\\Pipeline\\Pipeline->then(Object(Closure))\n#27 D:\\xampp\\htdocs\\laravel\\Source\\vendor\\laravel\\framework\\src\\Illuminate\\Queue\\CallQueuedHandler.php(70): Illuminate\\Queue\\CallQueuedHandler->dispatchThroughMiddleware(Object(Illuminate\\Queue\\Jobs\\DatabaseJob), Object(App\\Jobs\\SendMail))\n#28 D:\\xampp\\htdocs\\laravel\\Source\\vendor\\laravel\\framework\\src\\Illuminate\\Queue\\Jobs\\Job.php(98): Illuminate\\Queue\\CallQueuedHandler->call(Object(Illuminate\\Queue\\Jobs\\DatabaseJob), Array)\n#29 D:\\xampp\\htdocs\\laravel\\Source\\vendor\\laravel\\framework\\src\\Illuminate\\Queue\\Worker.php(428): Illuminate\\Queue\\Jobs\\Job->fire()\n#30 D:\\xampp\\htdocs\\laravel\\Source\\vendor\\laravel\\framework\\src\\Illuminate\\Queue\\Worker.php(378): Illuminate\\Queue\\Worker->process(\'database\', Object(Illuminate\\Queue\\Jobs\\DatabaseJob), Object(Illuminate\\Queue\\WorkerOptions))\n#31 D:\\xampp\\htdocs\\laravel\\Source\\vendor\\laravel\\framework\\src\\Illuminate\\Queue\\Worker.php(172): Illuminate\\Queue\\Worker->runJob(Object(Illuminate\\Queue\\Jobs\\DatabaseJob), \'database\', Object(Illuminate\\Queue\\WorkerOptions))\n#32 D:\\xampp\\htdocs\\laravel\\Source\\vendor\\laravel\\framework\\src\\Illuminate\\Queue\\Console\\WorkCommand.php(117): Illuminate\\Queue\\Worker->daemon(\'database\', \'default\', Object(Illuminate\\Queue\\WorkerOptions))\n#33 D:\\xampp\\htdocs\\laravel\\Source\\vendor\\laravel\\framework\\src\\Illuminate\\Queue\\Console\\WorkCommand.php(101): Illuminate\\Queue\\Console\\WorkCommand->runWorker(\'database\', \'default\')\n#34 D:\\xampp\\htdocs\\laravel\\Source\\vendor\\laravel\\framework\\src\\Illuminate\\Container\\BoundMethod.php(36): Illuminate\\Queue\\Console\\WorkCommand->handle()\n#35 D:\\xampp\\htdocs\\laravel\\Source\\vendor\\laravel\\framework\\src\\Illuminate\\Container\\Util.php(40): Illuminate\\Container\\BoundMethod::Illuminate\\Container\\{closure}()\n#36 D:\\xampp\\htdocs\\laravel\\Source\\vendor\\laravel\\framework\\src\\Illuminate\\Container\\BoundMethod.php(93): Illuminate\\Container\\Util::unwrapIfClosure(Object(Closure))\n#37 D:\\xampp\\htdocs\\laravel\\Source\\vendor\\laravel\\framework\\src\\Illuminate\\Container\\BoundMethod.php(37): Illuminate\\Container\\BoundMethod::callBoundMethod(Object(Illuminate\\Foundation\\Application), Array, Object(Closure))\n#38 D:\\xampp\\htdocs\\laravel\\Source\\vendor\\laravel\\framework\\src\\Illuminate\\Container\\Container.php(653): Illuminate\\Container\\BoundMethod::call(Object(Illuminate\\Foundation\\Application), Array, Array, NULL)\n#39 D:\\xampp\\htdocs\\laravel\\Source\\vendor\\laravel\\framework\\src\\Illuminate\\Console\\Command.php(136): Illuminate\\Container\\Container->call(Array)\n#40 D:\\xampp\\htdocs\\laravel\\Source\\vendor\\symfony\\console\\Command\\Command.php(298): Illuminate\\Console\\Command->execute(Object(Symfony\\Component\\Console\\Input\\ArgvInput), Object(Illuminate\\Console\\OutputStyle))\n#41 D:\\xampp\\htdocs\\laravel\\Source\\vendor\\laravel\\framework\\src\\Illuminate\\Console\\Command.php(121): Symfony\\Component\\Console\\Command\\Command->run(Object(Symfony\\Component\\Console\\Input\\ArgvInput), Object(Illuminate\\Console\\OutputStyle))\n#42 D:\\xampp\\htdocs\\laravel\\Source\\vendor\\symfony\\console\\Application.php(1005): Illuminate\\Console\\Command->run(Object(Symfony\\Component\\Console\\Input\\ArgvInput), Object(Symfony\\Component\\Console\\Output\\ConsoleOutput))\n#43 D:\\xampp\\htdocs\\laravel\\Source\\vendor\\symfony\\console\\Application.php(299): Symfony\\Component\\Console\\Application->doRunCommand(Object(Illuminate\\Queue\\Console\\WorkCommand), Object(Symfony\\Component\\Console\\Input\\ArgvInput), Object(Symfony\\Component\\Console\\Output\\ConsoleOutput))\n#44 D:\\xampp\\htdocs\\laravel\\Source\\vendor\\symfony\\console\\Application.php(171): Symfony\\Component\\Console\\Application->doRun(Object(Symfony\\Component\\Console\\Input\\ArgvInput), Object(Symfony\\Component\\Console\\Output\\ConsoleOutput))\n#45 D:\\xampp\\htdocs\\laravel\\Source\\vendor\\laravel\\framework\\src\\Illuminate\\Console\\Application.php(94): Symfony\\Component\\Console\\Application->run(Object(Symfony\\Component\\Console\\Input\\ArgvInput), Object(Symfony\\Component\\Console\\Output\\ConsoleOutput))\n#46 D:\\xampp\\htdocs\\laravel\\Source\\vendor\\laravel\\framework\\src\\Illuminate\\Foundation\\Console\\Kernel.php(129): Illuminate\\Console\\Application->run(Object(Symfony\\Component\\Console\\Input\\ArgvInput), Object(Symfony\\Component\\Console\\Output\\ConsoleOutput))\n#47 D:\\xampp\\htdocs\\laravel\\Source\\artisan(37): Illuminate\\Foundation\\Console\\Kernel->handle(Object(Symfony\\Component\\Console\\Input\\ArgvInput), Object(Symfony\\Component\\Console\\Output\\ConsoleOutput))\n#48 {main}', '2021-12-07 09:50:37'),
(3, '253b4f07-7b67-40a6-8428-ef5e6ede0992', 'database', 'default', '{\"uuid\":\"253b4f07-7b67-40a6-8428-ef5e6ede0992\",\"displayName\":\"App\\\\Jobs\\\\SendMail\",\"job\":\"Illuminate\\\\Queue\\\\CallQueuedHandler@call\",\"maxTries\":null,\"maxExceptions\":null,\"failOnTimeout\":false,\"backoff\":null,\"timeout\":null,\"retryUntil\":null,\"data\":{\"commandName\":\"App\\\\Jobs\\\\SendMail\",\"command\":\"O:17:\\\"App\\\\Jobs\\\\SendMail\\\":11:{s:8:\\\"\\u0000*\\u0000email\\\";s:23:\\\"hatrikhang@yahoo.com.vn\\\";s:3:\\\"job\\\";N;s:10:\\\"connection\\\";N;s:5:\\\"queue\\\";N;s:15:\\\"chainConnection\\\";N;s:10:\\\"chainQueue\\\";N;s:19:\\\"chainCatchCallbacks\\\";N;s:5:\\\"delay\\\";O:25:\\\"Illuminate\\\\Support\\\\Carbon\\\":3:{s:4:\\\"date\\\";s:26:\\\"2021-12-07 17:08:26.218518\\\";s:13:\\\"timezone_type\\\";i:3;s:8:\\\"timezone\\\";s:3:\\\"UTC\\\";}s:11:\\\"afterCommit\\\";N;s:10:\\\"middleware\\\";a:0:{}s:7:\\\"chained\\\";a:0:{}}\"}}', 'Swift_TransportException: Connection could not be established with host mailhog :stream_socket_client(): php_network_getaddresses: getaddrinfo failed: No such host is known.  in D:\\xampp\\htdocs\\laravel\\Source\\vendor\\swiftmailer\\swiftmailer\\lib\\classes\\Swift\\Transport\\StreamBuffer.php:261\nStack trace:\n#0 [internal function]: Swift_Transport_StreamBuffer->{closure}(2, \'stream_socket_c...\', \'D:\\\\xampp\\\\htdocs...\', 264)\n#1 D:\\xampp\\htdocs\\laravel\\Source\\vendor\\swiftmailer\\swiftmailer\\lib\\classes\\Swift\\Transport\\StreamBuffer.php(264): stream_socket_client(\'mailhog:1025\', 0, \'\', 30, 4, Resource id #769)\n#2 D:\\xampp\\htdocs\\laravel\\Source\\vendor\\swiftmailer\\swiftmailer\\lib\\classes\\Swift\\Transport\\StreamBuffer.php(58): Swift_Transport_StreamBuffer->establishSocketConnection()\n#3 D:\\xampp\\htdocs\\laravel\\Source\\vendor\\swiftmailer\\swiftmailer\\lib\\classes\\Swift\\Transport\\AbstractSmtpTransport.php(143): Swift_Transport_StreamBuffer->initialize(Array)\n#4 D:\\xampp\\htdocs\\laravel\\Source\\vendor\\swiftmailer\\swiftmailer\\lib\\classes\\Swift\\Mailer.php(65): Swift_Transport_AbstractSmtpTransport->start()\n#5 D:\\xampp\\htdocs\\laravel\\Source\\vendor\\laravel\\framework\\src\\Illuminate\\Mail\\Mailer.php(521): Swift_Mailer->send(Object(Swift_Message), Array)\n#6 D:\\xampp\\htdocs\\laravel\\Source\\vendor\\laravel\\framework\\src\\Illuminate\\Mail\\Mailer.php(288): Illuminate\\Mail\\Mailer->sendSwiftMessage(Object(Swift_Message))\n#7 D:\\xampp\\htdocs\\laravel\\Source\\vendor\\laravel\\framework\\src\\Illuminate\\Mail\\Mailable.php(187): Illuminate\\Mail\\Mailer->send(\'mail.success\', Array, Object(Closure))\n#8 D:\\xampp\\htdocs\\laravel\\Source\\vendor\\laravel\\framework\\src\\Illuminate\\Support\\Traits\\Localizable.php(19): Illuminate\\Mail\\Mailable->Illuminate\\Mail\\{closure}()\n#9 D:\\xampp\\htdocs\\laravel\\Source\\vendor\\laravel\\framework\\src\\Illuminate\\Mail\\Mailable.php(188): Illuminate\\Mail\\Mailable->withLocale(NULL, Object(Closure))\n#10 D:\\xampp\\htdocs\\laravel\\Source\\vendor\\laravel\\framework\\src\\Illuminate\\Mail\\Mailer.php(304): Illuminate\\Mail\\Mailable->send(Object(Illuminate\\Mail\\Mailer))\n#11 D:\\xampp\\htdocs\\laravel\\Source\\vendor\\laravel\\framework\\src\\Illuminate\\Mail\\Mailer.php(258): Illuminate\\Mail\\Mailer->sendMailable(Object(App\\Mail\\OrderShipped))\n#12 D:\\xampp\\htdocs\\laravel\\Source\\vendor\\laravel\\framework\\src\\Illuminate\\Mail\\PendingMail.php(124): Illuminate\\Mail\\Mailer->send(Object(App\\Mail\\OrderShipped))\n#13 D:\\xampp\\htdocs\\laravel\\Source\\app\\Jobs\\SendMail.php(36): Illuminate\\Mail\\PendingMail->send(Object(App\\Mail\\OrderShipped))\n#14 D:\\xampp\\htdocs\\laravel\\Source\\vendor\\laravel\\framework\\src\\Illuminate\\Container\\BoundMethod.php(36): App\\Jobs\\SendMail->handle()\n#15 D:\\xampp\\htdocs\\laravel\\Source\\vendor\\laravel\\framework\\src\\Illuminate\\Container\\Util.php(40): Illuminate\\Container\\BoundMethod::Illuminate\\Container\\{closure}()\n#16 D:\\xampp\\htdocs\\laravel\\Source\\vendor\\laravel\\framework\\src\\Illuminate\\Container\\BoundMethod.php(93): Illuminate\\Container\\Util::unwrapIfClosure(Object(Closure))\n#17 D:\\xampp\\htdocs\\laravel\\Source\\vendor\\laravel\\framework\\src\\Illuminate\\Container\\BoundMethod.php(37): Illuminate\\Container\\BoundMethod::callBoundMethod(Object(Illuminate\\Foundation\\Application), Array, Object(Closure))\n#18 D:\\xampp\\htdocs\\laravel\\Source\\vendor\\laravel\\framework\\src\\Illuminate\\Container\\Container.php(653): Illuminate\\Container\\BoundMethod::call(Object(Illuminate\\Foundation\\Application), Array, Array, NULL)\n#19 D:\\xampp\\htdocs\\laravel\\Source\\vendor\\laravel\\framework\\src\\Illuminate\\Bus\\Dispatcher.php(128): Illuminate\\Container\\Container->call(Array)\n#20 D:\\xampp\\htdocs\\laravel\\Source\\vendor\\laravel\\framework\\src\\Illuminate\\Pipeline\\Pipeline.php(128): Illuminate\\Bus\\Dispatcher->Illuminate\\Bus\\{closure}(Object(App\\Jobs\\SendMail))\n#21 D:\\xampp\\htdocs\\laravel\\Source\\vendor\\laravel\\framework\\src\\Illuminate\\Pipeline\\Pipeline.php(103): Illuminate\\Pipeline\\Pipeline->Illuminate\\Pipeline\\{closure}(Object(App\\Jobs\\SendMail))\n#22 D:\\xampp\\htdocs\\laravel\\Source\\vendor\\laravel\\framework\\src\\Illuminate\\Bus\\Dispatcher.php(132): Illuminate\\Pipeline\\Pipeline->then(Object(Closure))\n#23 D:\\xampp\\htdocs\\laravel\\Source\\vendor\\laravel\\framework\\src\\Illuminate\\Queue\\CallQueuedHandler.php(120): Illuminate\\Bus\\Dispatcher->dispatchNow(Object(App\\Jobs\\SendMail), false)\n#24 D:\\xampp\\htdocs\\laravel\\Source\\vendor\\laravel\\framework\\src\\Illuminate\\Pipeline\\Pipeline.php(128): Illuminate\\Queue\\CallQueuedHandler->Illuminate\\Queue\\{closure}(Object(App\\Jobs\\SendMail))\n#25 D:\\xampp\\htdocs\\laravel\\Source\\vendor\\laravel\\framework\\src\\Illuminate\\Pipeline\\Pipeline.php(103): Illuminate\\Pipeline\\Pipeline->Illuminate\\Pipeline\\{closure}(Object(App\\Jobs\\SendMail))\n#26 D:\\xampp\\htdocs\\laravel\\Source\\vendor\\laravel\\framework\\src\\Illuminate\\Queue\\CallQueuedHandler.php(122): Illuminate\\Pipeline\\Pipeline->then(Object(Closure))\n#27 D:\\xampp\\htdocs\\laravel\\Source\\vendor\\laravel\\framework\\src\\Illuminate\\Queue\\CallQueuedHandler.php(70): Illuminate\\Queue\\CallQueuedHandler->dispatchThroughMiddleware(Object(Illuminate\\Queue\\Jobs\\DatabaseJob), Object(App\\Jobs\\SendMail))\n#28 D:\\xampp\\htdocs\\laravel\\Source\\vendor\\laravel\\framework\\src\\Illuminate\\Queue\\Jobs\\Job.php(98): Illuminate\\Queue\\CallQueuedHandler->call(Object(Illuminate\\Queue\\Jobs\\DatabaseJob), Array)\n#29 D:\\xampp\\htdocs\\laravel\\Source\\vendor\\laravel\\framework\\src\\Illuminate\\Queue\\Worker.php(428): Illuminate\\Queue\\Jobs\\Job->fire()\n#30 D:\\xampp\\htdocs\\laravel\\Source\\vendor\\laravel\\framework\\src\\Illuminate\\Queue\\Worker.php(378): Illuminate\\Queue\\Worker->process(\'database\', Object(Illuminate\\Queue\\Jobs\\DatabaseJob), Object(Illuminate\\Queue\\WorkerOptions))\n#31 D:\\xampp\\htdocs\\laravel\\Source\\vendor\\laravel\\framework\\src\\Illuminate\\Queue\\Worker.php(172): Illuminate\\Queue\\Worker->runJob(Object(Illuminate\\Queue\\Jobs\\DatabaseJob), \'database\', Object(Illuminate\\Queue\\WorkerOptions))\n#32 D:\\xampp\\htdocs\\laravel\\Source\\vendor\\laravel\\framework\\src\\Illuminate\\Queue\\Console\\WorkCommand.php(117): Illuminate\\Queue\\Worker->daemon(\'database\', \'default\', Object(Illuminate\\Queue\\WorkerOptions))\n#33 D:\\xampp\\htdocs\\laravel\\Source\\vendor\\laravel\\framework\\src\\Illuminate\\Queue\\Console\\WorkCommand.php(101): Illuminate\\Queue\\Console\\WorkCommand->runWorker(\'database\', \'default\')\n#34 D:\\xampp\\htdocs\\laravel\\Source\\vendor\\laravel\\framework\\src\\Illuminate\\Container\\BoundMethod.php(36): Illuminate\\Queue\\Console\\WorkCommand->handle()\n#35 D:\\xampp\\htdocs\\laravel\\Source\\vendor\\laravel\\framework\\src\\Illuminate\\Container\\Util.php(40): Illuminate\\Container\\BoundMethod::Illuminate\\Container\\{closure}()\n#36 D:\\xampp\\htdocs\\laravel\\Source\\vendor\\laravel\\framework\\src\\Illuminate\\Container\\BoundMethod.php(93): Illuminate\\Container\\Util::unwrapIfClosure(Object(Closure))\n#37 D:\\xampp\\htdocs\\laravel\\Source\\vendor\\laravel\\framework\\src\\Illuminate\\Container\\BoundMethod.php(37): Illuminate\\Container\\BoundMethod::callBoundMethod(Object(Illuminate\\Foundation\\Application), Array, Object(Closure))\n#38 D:\\xampp\\htdocs\\laravel\\Source\\vendor\\laravel\\framework\\src\\Illuminate\\Container\\Container.php(653): Illuminate\\Container\\BoundMethod::call(Object(Illuminate\\Foundation\\Application), Array, Array, NULL)\n#39 D:\\xampp\\htdocs\\laravel\\Source\\vendor\\laravel\\framework\\src\\Illuminate\\Console\\Command.php(136): Illuminate\\Container\\Container->call(Array)\n#40 D:\\xampp\\htdocs\\laravel\\Source\\vendor\\symfony\\console\\Command\\Command.php(298): Illuminate\\Console\\Command->execute(Object(Symfony\\Component\\Console\\Input\\ArgvInput), Object(Illuminate\\Console\\OutputStyle))\n#41 D:\\xampp\\htdocs\\laravel\\Source\\vendor\\laravel\\framework\\src\\Illuminate\\Console\\Command.php(121): Symfony\\Component\\Console\\Command\\Command->run(Object(Symfony\\Component\\Console\\Input\\ArgvInput), Object(Illuminate\\Console\\OutputStyle))\n#42 D:\\xampp\\htdocs\\laravel\\Source\\vendor\\symfony\\console\\Application.php(1005): Illuminate\\Console\\Command->run(Object(Symfony\\Component\\Console\\Input\\ArgvInput), Object(Symfony\\Component\\Console\\Output\\ConsoleOutput))\n#43 D:\\xampp\\htdocs\\laravel\\Source\\vendor\\symfony\\console\\Application.php(299): Symfony\\Component\\Console\\Application->doRunCommand(Object(Illuminate\\Queue\\Console\\WorkCommand), Object(Symfony\\Component\\Console\\Input\\ArgvInput), Object(Symfony\\Component\\Console\\Output\\ConsoleOutput))\n#44 D:\\xampp\\htdocs\\laravel\\Source\\vendor\\symfony\\console\\Application.php(171): Symfony\\Component\\Console\\Application->doRun(Object(Symfony\\Component\\Console\\Input\\ArgvInput), Object(Symfony\\Component\\Console\\Output\\ConsoleOutput))\n#45 D:\\xampp\\htdocs\\laravel\\Source\\vendor\\laravel\\framework\\src\\Illuminate\\Console\\Application.php(94): Symfony\\Component\\Console\\Application->run(Object(Symfony\\Component\\Console\\Input\\ArgvInput), Object(Symfony\\Component\\Console\\Output\\ConsoleOutput))\n#46 D:\\xampp\\htdocs\\laravel\\Source\\vendor\\laravel\\framework\\src\\Illuminate\\Foundation\\Console\\Kernel.php(129): Illuminate\\Console\\Application->run(Object(Symfony\\Component\\Console\\Input\\ArgvInput), Object(Symfony\\Component\\Console\\Output\\ConsoleOutput))\n#47 D:\\xampp\\htdocs\\laravel\\Source\\artisan(37): Illuminate\\Foundation\\Console\\Kernel->handle(Object(Symfony\\Component\\Console\\Input\\ArgvInput), Object(Symfony\\Component\\Console\\Output\\ConsoleOutput))\n#48 {main}', '2021-12-07 10:08:41'),
(4, '79a5c0c1-15a6-4965-91b8-30d07237685b', 'database', 'default', '{\"uuid\":\"79a5c0c1-15a6-4965-91b8-30d07237685b\",\"displayName\":\"App\\\\Jobs\\\\SendMail\",\"job\":\"Illuminate\\\\Queue\\\\CallQueuedHandler@call\",\"maxTries\":null,\"maxExceptions\":null,\"failOnTimeout\":false,\"backoff\":null,\"timeout\":null,\"retryUntil\":null,\"data\":{\"commandName\":\"App\\\\Jobs\\\\SendMail\",\"command\":\"O:17:\\\"App\\\\Jobs\\\\SendMail\\\":11:{s:8:\\\"\\u0000*\\u0000email\\\";s:23:\\\"hatrikhang@yahoo.com.vn\\\";s:3:\\\"job\\\";N;s:10:\\\"connection\\\";N;s:5:\\\"queue\\\";N;s:15:\\\"chainConnection\\\";N;s:10:\\\"chainQueue\\\";N;s:19:\\\"chainCatchCallbacks\\\";N;s:5:\\\"delay\\\";O:25:\\\"Illuminate\\\\Support\\\\Carbon\\\":3:{s:4:\\\"date\\\";s:26:\\\"2021-12-07 17:17:12.522938\\\";s:13:\\\"timezone_type\\\";i:3;s:8:\\\"timezone\\\";s:3:\\\"UTC\\\";}s:11:\\\"afterCommit\\\";N;s:10:\\\"middleware\\\";a:0:{}s:7:\\\"chained\\\";a:0:{}}\"}}', 'Illuminate\\Queue\\MaxAttemptsExceededException: App\\Jobs\\SendMail has been attempted too many times or run too long. The job may have previously timed out. in D:\\xampp\\htdocs\\laravel\\Source\\vendor\\laravel\\framework\\src\\Illuminate\\Queue\\Worker.php:750\nStack trace:\n#0 D:\\xampp\\htdocs\\laravel\\Source\\vendor\\laravel\\framework\\src\\Illuminate\\Queue\\Worker.php(504): Illuminate\\Queue\\Worker->maxAttemptsExceededException(Object(Illuminate\\Queue\\Jobs\\DatabaseJob))\n#1 D:\\xampp\\htdocs\\laravel\\Source\\vendor\\laravel\\framework\\src\\Illuminate\\Queue\\Worker.php(418): Illuminate\\Queue\\Worker->markJobAsFailedIfAlreadyExceedsMaxAttempts(\'database\', Object(Illuminate\\Queue\\Jobs\\DatabaseJob), 1)\n#2 D:\\xampp\\htdocs\\laravel\\Source\\vendor\\laravel\\framework\\src\\Illuminate\\Queue\\Worker.php(378): Illuminate\\Queue\\Worker->process(\'database\', Object(Illuminate\\Queue\\Jobs\\DatabaseJob), Object(Illuminate\\Queue\\WorkerOptions))\n#3 D:\\xampp\\htdocs\\laravel\\Source\\vendor\\laravel\\framework\\src\\Illuminate\\Queue\\Worker.php(172): Illuminate\\Queue\\Worker->runJob(Object(Illuminate\\Queue\\Jobs\\DatabaseJob), \'database\', Object(Illuminate\\Queue\\WorkerOptions))\n#4 D:\\xampp\\htdocs\\laravel\\Source\\vendor\\laravel\\framework\\src\\Illuminate\\Queue\\Console\\WorkCommand.php(117): Illuminate\\Queue\\Worker->daemon(\'database\', \'default\', Object(Illuminate\\Queue\\WorkerOptions))\n#5 D:\\xampp\\htdocs\\laravel\\Source\\vendor\\laravel\\framework\\src\\Illuminate\\Queue\\Console\\WorkCommand.php(101): Illuminate\\Queue\\Console\\WorkCommand->runWorker(\'database\', \'default\')\n#6 D:\\xampp\\htdocs\\laravel\\Source\\vendor\\laravel\\framework\\src\\Illuminate\\Container\\BoundMethod.php(36): Illuminate\\Queue\\Console\\WorkCommand->handle()\n#7 D:\\xampp\\htdocs\\laravel\\Source\\vendor\\laravel\\framework\\src\\Illuminate\\Container\\Util.php(40): Illuminate\\Container\\BoundMethod::Illuminate\\Container\\{closure}()\n#8 D:\\xampp\\htdocs\\laravel\\Source\\vendor\\laravel\\framework\\src\\Illuminate\\Container\\BoundMethod.php(93): Illuminate\\Container\\Util::unwrapIfClosure(Object(Closure))\n#9 D:\\xampp\\htdocs\\laravel\\Source\\vendor\\laravel\\framework\\src\\Illuminate\\Container\\BoundMethod.php(37): Illuminate\\Container\\BoundMethod::callBoundMethod(Object(Illuminate\\Foundation\\Application), Array, Object(Closure))\n#10 D:\\xampp\\htdocs\\laravel\\Source\\vendor\\laravel\\framework\\src\\Illuminate\\Container\\Container.php(653): Illuminate\\Container\\BoundMethod::call(Object(Illuminate\\Foundation\\Application), Array, Array, NULL)\n#11 D:\\xampp\\htdocs\\laravel\\Source\\vendor\\laravel\\framework\\src\\Illuminate\\Console\\Command.php(136): Illuminate\\Container\\Container->call(Array)\n#12 D:\\xampp\\htdocs\\laravel\\Source\\vendor\\symfony\\console\\Command\\Command.php(298): Illuminate\\Console\\Command->execute(Object(Symfony\\Component\\Console\\Input\\ArgvInput), Object(Illuminate\\Console\\OutputStyle))\n#13 D:\\xampp\\htdocs\\laravel\\Source\\vendor\\laravel\\framework\\src\\Illuminate\\Console\\Command.php(121): Symfony\\Component\\Console\\Command\\Command->run(Object(Symfony\\Component\\Console\\Input\\ArgvInput), Object(Illuminate\\Console\\OutputStyle))\n#14 D:\\xampp\\htdocs\\laravel\\Source\\vendor\\symfony\\console\\Application.php(1005): Illuminate\\Console\\Command->run(Object(Symfony\\Component\\Console\\Input\\ArgvInput), Object(Symfony\\Component\\Console\\Output\\ConsoleOutput))\n#15 D:\\xampp\\htdocs\\laravel\\Source\\vendor\\symfony\\console\\Application.php(299): Symfony\\Component\\Console\\Application->doRunCommand(Object(Illuminate\\Queue\\Console\\WorkCommand), Object(Symfony\\Component\\Console\\Input\\ArgvInput), Object(Symfony\\Component\\Console\\Output\\ConsoleOutput))\n#16 D:\\xampp\\htdocs\\laravel\\Source\\vendor\\symfony\\console\\Application.php(171): Symfony\\Component\\Console\\Application->doRun(Object(Symfony\\Component\\Console\\Input\\ArgvInput), Object(Symfony\\Component\\Console\\Output\\ConsoleOutput))\n#17 D:\\xampp\\htdocs\\laravel\\Source\\vendor\\laravel\\framework\\src\\Illuminate\\Console\\Application.php(94): Symfony\\Component\\Console\\Application->run(Object(Symfony\\Component\\Console\\Input\\ArgvInput), Object(Symfony\\Component\\Console\\Output\\ConsoleOutput))\n#18 D:\\xampp\\htdocs\\laravel\\Source\\vendor\\laravel\\framework\\src\\Illuminate\\Foundation\\Console\\Kernel.php(129): Illuminate\\Console\\Application->run(Object(Symfony\\Component\\Console\\Input\\ArgvInput), Object(Symfony\\Component\\Console\\Output\\ConsoleOutput))\n#19 D:\\xampp\\htdocs\\laravel\\Source\\artisan(37): Illuminate\\Foundation\\Console\\Kernel->handle(Object(Symfony\\Component\\Console\\Input\\ArgvInput), Object(Symfony\\Component\\Console\\Output\\ConsoleOutput))\n#20 {main}', '2021-12-07 10:19:36'),
(5, 'd04b82e5-759f-4194-9cce-f24c4af1323d', 'database', 'default', '{\"uuid\":\"d04b82e5-759f-4194-9cce-f24c4af1323d\",\"displayName\":\"App\\\\Jobs\\\\SendMail\",\"job\":\"Illuminate\\\\Queue\\\\CallQueuedHandler@call\",\"maxTries\":null,\"maxExceptions\":null,\"failOnTimeout\":false,\"backoff\":null,\"timeout\":null,\"retryUntil\":null,\"data\":{\"commandName\":\"App\\\\Jobs\\\\SendMail\",\"command\":\"O:17:\\\"App\\\\Jobs\\\\SendMail\\\":11:{s:8:\\\"\\u0000*\\u0000email\\\";s:23:\\\"hatrikhang@yahoo.com.vn\\\";s:3:\\\"job\\\";N;s:10:\\\"connection\\\";N;s:5:\\\"queue\\\";N;s:15:\\\"chainConnection\\\";N;s:10:\\\"chainQueue\\\";N;s:19:\\\"chainCatchCallbacks\\\";N;s:5:\\\"delay\\\";O:25:\\\"Illuminate\\\\Support\\\\Carbon\\\":3:{s:4:\\\"date\\\";s:26:\\\"2021-12-07 17:21:22.277115\\\";s:13:\\\"timezone_type\\\";i:3;s:8:\\\"timezone\\\";s:3:\\\"UTC\\\";}s:11:\\\"afterCommit\\\";N;s:10:\\\"middleware\\\";a:0:{}s:7:\\\"chained\\\";a:0:{}}\"}}', 'Swift_TransportException: Connection could not be established with host mailhog :stream_socket_client(): php_network_getaddresses: getaddrinfo failed: No such host is known.  in D:\\xampp\\htdocs\\laravel\\Source\\vendor\\swiftmailer\\swiftmailer\\lib\\classes\\Swift\\Transport\\StreamBuffer.php:261\nStack trace:\n#0 [internal function]: Swift_Transport_StreamBuffer->{closure}(2, \'stream_socket_c...\', \'D:\\\\xampp\\\\htdocs...\', 264)\n#1 D:\\xampp\\htdocs\\laravel\\Source\\vendor\\swiftmailer\\swiftmailer\\lib\\classes\\Swift\\Transport\\StreamBuffer.php(264): stream_socket_client(\'mailhog:1025\', 0, \'\', 30, 4, Resource id #769)\n#2 D:\\xampp\\htdocs\\laravel\\Source\\vendor\\swiftmailer\\swiftmailer\\lib\\classes\\Swift\\Transport\\StreamBuffer.php(58): Swift_Transport_StreamBuffer->establishSocketConnection()\n#3 D:\\xampp\\htdocs\\laravel\\Source\\vendor\\swiftmailer\\swiftmailer\\lib\\classes\\Swift\\Transport\\AbstractSmtpTransport.php(143): Swift_Transport_StreamBuffer->initialize(Array)\n#4 D:\\xampp\\htdocs\\laravel\\Source\\vendor\\swiftmailer\\swiftmailer\\lib\\classes\\Swift\\Mailer.php(65): Swift_Transport_AbstractSmtpTransport->start()\n#5 D:\\xampp\\htdocs\\laravel\\Source\\vendor\\laravel\\framework\\src\\Illuminate\\Mail\\Mailer.php(521): Swift_Mailer->send(Object(Swift_Message), Array)\n#6 D:\\xampp\\htdocs\\laravel\\Source\\vendor\\laravel\\framework\\src\\Illuminate\\Mail\\Mailer.php(288): Illuminate\\Mail\\Mailer->sendSwiftMessage(Object(Swift_Message))\n#7 D:\\xampp\\htdocs\\laravel\\Source\\vendor\\laravel\\framework\\src\\Illuminate\\Mail\\Mailable.php(187): Illuminate\\Mail\\Mailer->send(\'mail.success\', Array, Object(Closure))\n#8 D:\\xampp\\htdocs\\laravel\\Source\\vendor\\laravel\\framework\\src\\Illuminate\\Support\\Traits\\Localizable.php(19): Illuminate\\Mail\\Mailable->Illuminate\\Mail\\{closure}()\n#9 D:\\xampp\\htdocs\\laravel\\Source\\vendor\\laravel\\framework\\src\\Illuminate\\Mail\\Mailable.php(188): Illuminate\\Mail\\Mailable->withLocale(NULL, Object(Closure))\n#10 D:\\xampp\\htdocs\\laravel\\Source\\vendor\\laravel\\framework\\src\\Illuminate\\Mail\\Mailer.php(304): Illuminate\\Mail\\Mailable->send(Object(Illuminate\\Mail\\Mailer))\n#11 D:\\xampp\\htdocs\\laravel\\Source\\vendor\\laravel\\framework\\src\\Illuminate\\Mail\\Mailer.php(258): Illuminate\\Mail\\Mailer->sendMailable(Object(App\\Mail\\OrderShipped))\n#12 D:\\xampp\\htdocs\\laravel\\Source\\vendor\\laravel\\framework\\src\\Illuminate\\Mail\\PendingMail.php(124): Illuminate\\Mail\\Mailer->send(Object(App\\Mail\\OrderShipped))\n#13 D:\\xampp\\htdocs\\laravel\\Source\\app\\Jobs\\SendMail.php(36): Illuminate\\Mail\\PendingMail->send(Object(App\\Mail\\OrderShipped))\n#14 D:\\xampp\\htdocs\\laravel\\Source\\vendor\\laravel\\framework\\src\\Illuminate\\Container\\BoundMethod.php(36): App\\Jobs\\SendMail->handle()\n#15 D:\\xampp\\htdocs\\laravel\\Source\\vendor\\laravel\\framework\\src\\Illuminate\\Container\\Util.php(40): Illuminate\\Container\\BoundMethod::Illuminate\\Container\\{closure}()\n#16 D:\\xampp\\htdocs\\laravel\\Source\\vendor\\laravel\\framework\\src\\Illuminate\\Container\\BoundMethod.php(93): Illuminate\\Container\\Util::unwrapIfClosure(Object(Closure))\n#17 D:\\xampp\\htdocs\\laravel\\Source\\vendor\\laravel\\framework\\src\\Illuminate\\Container\\BoundMethod.php(37): Illuminate\\Container\\BoundMethod::callBoundMethod(Object(Illuminate\\Foundation\\Application), Array, Object(Closure))\n#18 D:\\xampp\\htdocs\\laravel\\Source\\vendor\\laravel\\framework\\src\\Illuminate\\Container\\Container.php(653): Illuminate\\Container\\BoundMethod::call(Object(Illuminate\\Foundation\\Application), Array, Array, NULL)\n#19 D:\\xampp\\htdocs\\laravel\\Source\\vendor\\laravel\\framework\\src\\Illuminate\\Bus\\Dispatcher.php(128): Illuminate\\Container\\Container->call(Array)\n#20 D:\\xampp\\htdocs\\laravel\\Source\\vendor\\laravel\\framework\\src\\Illuminate\\Pipeline\\Pipeline.php(128): Illuminate\\Bus\\Dispatcher->Illuminate\\Bus\\{closure}(Object(App\\Jobs\\SendMail))\n#21 D:\\xampp\\htdocs\\laravel\\Source\\vendor\\laravel\\framework\\src\\Illuminate\\Pipeline\\Pipeline.php(103): Illuminate\\Pipeline\\Pipeline->Illuminate\\Pipeline\\{closure}(Object(App\\Jobs\\SendMail))\n#22 D:\\xampp\\htdocs\\laravel\\Source\\vendor\\laravel\\framework\\src\\Illuminate\\Bus\\Dispatcher.php(132): Illuminate\\Pipeline\\Pipeline->then(Object(Closure))\n#23 D:\\xampp\\htdocs\\laravel\\Source\\vendor\\laravel\\framework\\src\\Illuminate\\Queue\\CallQueuedHandler.php(120): Illuminate\\Bus\\Dispatcher->dispatchNow(Object(App\\Jobs\\SendMail), false)\n#24 D:\\xampp\\htdocs\\laravel\\Source\\vendor\\laravel\\framework\\src\\Illuminate\\Pipeline\\Pipeline.php(128): Illuminate\\Queue\\CallQueuedHandler->Illuminate\\Queue\\{closure}(Object(App\\Jobs\\SendMail))\n#25 D:\\xampp\\htdocs\\laravel\\Source\\vendor\\laravel\\framework\\src\\Illuminate\\Pipeline\\Pipeline.php(103): Illuminate\\Pipeline\\Pipeline->Illuminate\\Pipeline\\{closure}(Object(App\\Jobs\\SendMail))\n#26 D:\\xampp\\htdocs\\laravel\\Source\\vendor\\laravel\\framework\\src\\Illuminate\\Queue\\CallQueuedHandler.php(122): Illuminate\\Pipeline\\Pipeline->then(Object(Closure))\n#27 D:\\xampp\\htdocs\\laravel\\Source\\vendor\\laravel\\framework\\src\\Illuminate\\Queue\\CallQueuedHandler.php(70): Illuminate\\Queue\\CallQueuedHandler->dispatchThroughMiddleware(Object(Illuminate\\Queue\\Jobs\\DatabaseJob), Object(App\\Jobs\\SendMail))\n#28 D:\\xampp\\htdocs\\laravel\\Source\\vendor\\laravel\\framework\\src\\Illuminate\\Queue\\Jobs\\Job.php(98): Illuminate\\Queue\\CallQueuedHandler->call(Object(Illuminate\\Queue\\Jobs\\DatabaseJob), Array)\n#29 D:\\xampp\\htdocs\\laravel\\Source\\vendor\\laravel\\framework\\src\\Illuminate\\Queue\\Worker.php(428): Illuminate\\Queue\\Jobs\\Job->fire()\n#30 D:\\xampp\\htdocs\\laravel\\Source\\vendor\\laravel\\framework\\src\\Illuminate\\Queue\\Worker.php(378): Illuminate\\Queue\\Worker->process(\'database\', Object(Illuminate\\Queue\\Jobs\\DatabaseJob), Object(Illuminate\\Queue\\WorkerOptions))\n#31 D:\\xampp\\htdocs\\laravel\\Source\\vendor\\laravel\\framework\\src\\Illuminate\\Queue\\Worker.php(172): Illuminate\\Queue\\Worker->runJob(Object(Illuminate\\Queue\\Jobs\\DatabaseJob), \'database\', Object(Illuminate\\Queue\\WorkerOptions))\n#32 D:\\xampp\\htdocs\\laravel\\Source\\vendor\\laravel\\framework\\src\\Illuminate\\Queue\\Console\\WorkCommand.php(117): Illuminate\\Queue\\Worker->daemon(\'database\', \'default\', Object(Illuminate\\Queue\\WorkerOptions))\n#33 D:\\xampp\\htdocs\\laravel\\Source\\vendor\\laravel\\framework\\src\\Illuminate\\Queue\\Console\\WorkCommand.php(101): Illuminate\\Queue\\Console\\WorkCommand->runWorker(\'database\', \'default\')\n#34 D:\\xampp\\htdocs\\laravel\\Source\\vendor\\laravel\\framework\\src\\Illuminate\\Container\\BoundMethod.php(36): Illuminate\\Queue\\Console\\WorkCommand->handle()\n#35 D:\\xampp\\htdocs\\laravel\\Source\\vendor\\laravel\\framework\\src\\Illuminate\\Container\\Util.php(40): Illuminate\\Container\\BoundMethod::Illuminate\\Container\\{closure}()\n#36 D:\\xampp\\htdocs\\laravel\\Source\\vendor\\laravel\\framework\\src\\Illuminate\\Container\\BoundMethod.php(93): Illuminate\\Container\\Util::unwrapIfClosure(Object(Closure))\n#37 D:\\xampp\\htdocs\\laravel\\Source\\vendor\\laravel\\framework\\src\\Illuminate\\Container\\BoundMethod.php(37): Illuminate\\Container\\BoundMethod::callBoundMethod(Object(Illuminate\\Foundation\\Application), Array, Object(Closure))\n#38 D:\\xampp\\htdocs\\laravel\\Source\\vendor\\laravel\\framework\\src\\Illuminate\\Container\\Container.php(653): Illuminate\\Container\\BoundMethod::call(Object(Illuminate\\Foundation\\Application), Array, Array, NULL)\n#39 D:\\xampp\\htdocs\\laravel\\Source\\vendor\\laravel\\framework\\src\\Illuminate\\Console\\Command.php(136): Illuminate\\Container\\Container->call(Array)\n#40 D:\\xampp\\htdocs\\laravel\\Source\\vendor\\symfony\\console\\Command\\Command.php(298): Illuminate\\Console\\Command->execute(Object(Symfony\\Component\\Console\\Input\\ArgvInput), Object(Illuminate\\Console\\OutputStyle))\n#41 D:\\xampp\\htdocs\\laravel\\Source\\vendor\\laravel\\framework\\src\\Illuminate\\Console\\Command.php(121): Symfony\\Component\\Console\\Command\\Command->run(Object(Symfony\\Component\\Console\\Input\\ArgvInput), Object(Illuminate\\Console\\OutputStyle))\n#42 D:\\xampp\\htdocs\\laravel\\Source\\vendor\\symfony\\console\\Application.php(1005): Illuminate\\Console\\Command->run(Object(Symfony\\Component\\Console\\Input\\ArgvInput), Object(Symfony\\Component\\Console\\Output\\ConsoleOutput))\n#43 D:\\xampp\\htdocs\\laravel\\Source\\vendor\\symfony\\console\\Application.php(299): Symfony\\Component\\Console\\Application->doRunCommand(Object(Illuminate\\Queue\\Console\\WorkCommand), Object(Symfony\\Component\\Console\\Input\\ArgvInput), Object(Symfony\\Component\\Console\\Output\\ConsoleOutput))\n#44 D:\\xampp\\htdocs\\laravel\\Source\\vendor\\symfony\\console\\Application.php(171): Symfony\\Component\\Console\\Application->doRun(Object(Symfony\\Component\\Console\\Input\\ArgvInput), Object(Symfony\\Component\\Console\\Output\\ConsoleOutput))\n#45 D:\\xampp\\htdocs\\laravel\\Source\\vendor\\laravel\\framework\\src\\Illuminate\\Console\\Application.php(94): Symfony\\Component\\Console\\Application->run(Object(Symfony\\Component\\Console\\Input\\ArgvInput), Object(Symfony\\Component\\Console\\Output\\ConsoleOutput))\n#46 D:\\xampp\\htdocs\\laravel\\Source\\vendor\\laravel\\framework\\src\\Illuminate\\Foundation\\Console\\Kernel.php(129): Illuminate\\Console\\Application->run(Object(Symfony\\Component\\Console\\Input\\ArgvInput), Object(Symfony\\Component\\Console\\Output\\ConsoleOutput))\n#47 D:\\xampp\\htdocs\\laravel\\Source\\artisan(37): Illuminate\\Foundation\\Console\\Kernel->handle(Object(Symfony\\Component\\Console\\Input\\ArgvInput), Object(Symfony\\Component\\Console\\Output\\ConsoleOutput))\n#48 {main}', '2021-12-07 10:21:46');
INSERT INTO `failed_jobs` (`id`, `uuid`, `connection`, `queue`, `payload`, `exception`, `failed_at`) VALUES
(6, 'a416238e-b859-4875-a079-5699c398df5b', 'database', 'default', '{\"uuid\":\"a416238e-b859-4875-a079-5699c398df5b\",\"displayName\":\"App\\\\Jobs\\\\SendMail\",\"job\":\"Illuminate\\\\Queue\\\\CallQueuedHandler@call\",\"maxTries\":null,\"maxExceptions\":null,\"failOnTimeout\":false,\"backoff\":null,\"timeout\":null,\"retryUntil\":null,\"data\":{\"commandName\":\"App\\\\Jobs\\\\SendMail\",\"command\":\"O:17:\\\"App\\\\Jobs\\\\SendMail\\\":11:{s:8:\\\"\\u0000*\\u0000email\\\";s:25:\\\"0919663396khang@gmail.com\\\";s:3:\\\"job\\\";N;s:10:\\\"connection\\\";N;s:5:\\\"queue\\\";N;s:15:\\\"chainConnection\\\";N;s:10:\\\"chainQueue\\\";N;s:19:\\\"chainCatchCallbacks\\\";N;s:5:\\\"delay\\\";O:25:\\\"Illuminate\\\\Support\\\\Carbon\\\":3:{s:4:\\\"date\\\";s:26:\\\"2021-12-07 17:36:43.000130\\\";s:13:\\\"timezone_type\\\";i:3;s:8:\\\"timezone\\\";s:3:\\\"UTC\\\";}s:11:\\\"afterCommit\\\";N;s:10:\\\"middleware\\\";a:0:{}s:7:\\\"chained\\\";a:0:{}}\"}}', 'Swift_TransportException: Expected response code 250 but got code \"530\", with message \"530 5.7.0 Must issue a STARTTLS command first. p124sm295476pfg.110 - gsmtp\r\n\" in D:\\xampp\\htdocs\\laravel\\Source\\vendor\\swiftmailer\\swiftmailer\\lib\\classes\\Swift\\Transport\\AbstractSmtpTransport.php:459\nStack trace:\n#0 D:\\xampp\\htdocs\\laravel\\Source\\vendor\\swiftmailer\\swiftmailer\\lib\\classes\\Swift\\Transport\\AbstractSmtpTransport.php(344): Swift_Transport_AbstractSmtpTransport->assertResponseCode(\'530 5.7.0 Must ...\', Array)\n#1 D:\\xampp\\htdocs\\laravel\\Source\\vendor\\swiftmailer\\swiftmailer\\lib\\classes\\Swift\\Transport\\EsmtpTransport.php(305): Swift_Transport_AbstractSmtpTransport->executeCommand(\'MAIL FROM:<0919...\', Array, Array, false, NULL)\n#2 D:\\xampp\\htdocs\\laravel\\Source\\vendor\\swiftmailer\\swiftmailer\\lib\\classes\\Swift\\Transport\\AbstractSmtpTransport.php(392): Swift_Transport_EsmtpTransport->executeCommand(\'DATA\\r\\n\', Array, Array)\n#3 D:\\xampp\\htdocs\\laravel\\Source\\vendor\\swiftmailer\\swiftmailer\\lib\\classes\\Swift\\Transport\\AbstractSmtpTransport.php(499): Swift_Transport_AbstractSmtpTransport->doDataCommand(Array)\n#4 D:\\xampp\\htdocs\\laravel\\Source\\vendor\\swiftmailer\\swiftmailer\\lib\\classes\\Swift\\Transport\\AbstractSmtpTransport.php(518): Swift_Transport_AbstractSmtpTransport->doMailTransaction(Object(Swift_Message), \'0919663396khang...\', Array, Array)\n#5 D:\\xampp\\htdocs\\laravel\\Source\\vendor\\swiftmailer\\swiftmailer\\lib\\classes\\Swift\\Transport\\AbstractSmtpTransport.php(206): Swift_Transport_AbstractSmtpTransport->sendTo(Object(Swift_Message), \'0919663396khang...\', Array, Array)\n#6 D:\\xampp\\htdocs\\laravel\\Source\\vendor\\swiftmailer\\swiftmailer\\lib\\classes\\Swift\\Mailer.php(71): Swift_Transport_AbstractSmtpTransport->send(Object(Swift_Message), Array)\n#7 D:\\xampp\\htdocs\\laravel\\Source\\vendor\\laravel\\framework\\src\\Illuminate\\Mail\\Mailer.php(521): Swift_Mailer->send(Object(Swift_Message), Array)\n#8 D:\\xampp\\htdocs\\laravel\\Source\\vendor\\laravel\\framework\\src\\Illuminate\\Mail\\Mailer.php(288): Illuminate\\Mail\\Mailer->sendSwiftMessage(Object(Swift_Message))\n#9 D:\\xampp\\htdocs\\laravel\\Source\\vendor\\laravel\\framework\\src\\Illuminate\\Mail\\Mailable.php(187): Illuminate\\Mail\\Mailer->send(\'mail.success\', Array, Object(Closure))\n#10 D:\\xampp\\htdocs\\laravel\\Source\\vendor\\laravel\\framework\\src\\Illuminate\\Support\\Traits\\Localizable.php(19): Illuminate\\Mail\\Mailable->Illuminate\\Mail\\{closure}()\n#11 D:\\xampp\\htdocs\\laravel\\Source\\vendor\\laravel\\framework\\src\\Illuminate\\Mail\\Mailable.php(188): Illuminate\\Mail\\Mailable->withLocale(NULL, Object(Closure))\n#12 D:\\xampp\\htdocs\\laravel\\Source\\vendor\\laravel\\framework\\src\\Illuminate\\Mail\\Mailer.php(304): Illuminate\\Mail\\Mailable->send(Object(Illuminate\\Mail\\Mailer))\n#13 D:\\xampp\\htdocs\\laravel\\Source\\vendor\\laravel\\framework\\src\\Illuminate\\Mail\\Mailer.php(258): Illuminate\\Mail\\Mailer->sendMailable(Object(App\\Mail\\OrderShipped))\n#14 D:\\xampp\\htdocs\\laravel\\Source\\vendor\\laravel\\framework\\src\\Illuminate\\Mail\\PendingMail.php(124): Illuminate\\Mail\\Mailer->send(Object(App\\Mail\\OrderShipped))\n#15 D:\\xampp\\htdocs\\laravel\\Source\\app\\Jobs\\SendMail.php(36): Illuminate\\Mail\\PendingMail->send(Object(App\\Mail\\OrderShipped))\n#16 D:\\xampp\\htdocs\\laravel\\Source\\vendor\\laravel\\framework\\src\\Illuminate\\Container\\BoundMethod.php(36): App\\Jobs\\SendMail->handle()\n#17 D:\\xampp\\htdocs\\laravel\\Source\\vendor\\laravel\\framework\\src\\Illuminate\\Container\\Util.php(40): Illuminate\\Container\\BoundMethod::Illuminate\\Container\\{closure}()\n#18 D:\\xampp\\htdocs\\laravel\\Source\\vendor\\laravel\\framework\\src\\Illuminate\\Container\\BoundMethod.php(93): Illuminate\\Container\\Util::unwrapIfClosure(Object(Closure))\n#19 D:\\xampp\\htdocs\\laravel\\Source\\vendor\\laravel\\framework\\src\\Illuminate\\Container\\BoundMethod.php(37): Illuminate\\Container\\BoundMethod::callBoundMethod(Object(Illuminate\\Foundation\\Application), Array, Object(Closure))\n#20 D:\\xampp\\htdocs\\laravel\\Source\\vendor\\laravel\\framework\\src\\Illuminate\\Container\\Container.php(653): Illuminate\\Container\\BoundMethod::call(Object(Illuminate\\Foundation\\Application), Array, Array, NULL)\n#21 D:\\xampp\\htdocs\\laravel\\Source\\vendor\\laravel\\framework\\src\\Illuminate\\Bus\\Dispatcher.php(128): Illuminate\\Container\\Container->call(Array)\n#22 D:\\xampp\\htdocs\\laravel\\Source\\vendor\\laravel\\framework\\src\\Illuminate\\Pipeline\\Pipeline.php(128): Illuminate\\Bus\\Dispatcher->Illuminate\\Bus\\{closure}(Object(App\\Jobs\\SendMail))\n#23 D:\\xampp\\htdocs\\laravel\\Source\\vendor\\laravel\\framework\\src\\Illuminate\\Pipeline\\Pipeline.php(103): Illuminate\\Pipeline\\Pipeline->Illuminate\\Pipeline\\{closure}(Object(App\\Jobs\\SendMail))\n#24 D:\\xampp\\htdocs\\laravel\\Source\\vendor\\laravel\\framework\\src\\Illuminate\\Bus\\Dispatcher.php(132): Illuminate\\Pipeline\\Pipeline->then(Object(Closure))\n#25 D:\\xampp\\htdocs\\laravel\\Source\\vendor\\laravel\\framework\\src\\Illuminate\\Queue\\CallQueuedHandler.php(120): Illuminate\\Bus\\Dispatcher->dispatchNow(Object(App\\Jobs\\SendMail), false)\n#26 D:\\xampp\\htdocs\\laravel\\Source\\vendor\\laravel\\framework\\src\\Illuminate\\Pipeline\\Pipeline.php(128): Illuminate\\Queue\\CallQueuedHandler->Illuminate\\Queue\\{closure}(Object(App\\Jobs\\SendMail))\n#27 D:\\xampp\\htdocs\\laravel\\Source\\vendor\\laravel\\framework\\src\\Illuminate\\Pipeline\\Pipeline.php(103): Illuminate\\Pipeline\\Pipeline->Illuminate\\Pipeline\\{closure}(Object(App\\Jobs\\SendMail))\n#28 D:\\xampp\\htdocs\\laravel\\Source\\vendor\\laravel\\framework\\src\\Illuminate\\Queue\\CallQueuedHandler.php(122): Illuminate\\Pipeline\\Pipeline->then(Object(Closure))\n#29 D:\\xampp\\htdocs\\laravel\\Source\\vendor\\laravel\\framework\\src\\Illuminate\\Queue\\CallQueuedHandler.php(70): Illuminate\\Queue\\CallQueuedHandler->dispatchThroughMiddleware(Object(Illuminate\\Queue\\Jobs\\DatabaseJob), Object(App\\Jobs\\SendMail))\n#30 D:\\xampp\\htdocs\\laravel\\Source\\vendor\\laravel\\framework\\src\\Illuminate\\Queue\\Jobs\\Job.php(98): Illuminate\\Queue\\CallQueuedHandler->call(Object(Illuminate\\Queue\\Jobs\\DatabaseJob), Array)\n#31 D:\\xampp\\htdocs\\laravel\\Source\\vendor\\laravel\\framework\\src\\Illuminate\\Queue\\Worker.php(428): Illuminate\\Queue\\Jobs\\Job->fire()\n#32 D:\\xampp\\htdocs\\laravel\\Source\\vendor\\laravel\\framework\\src\\Illuminate\\Queue\\Worker.php(378): Illuminate\\Queue\\Worker->process(\'database\', Object(Illuminate\\Queue\\Jobs\\DatabaseJob), Object(Illuminate\\Queue\\WorkerOptions))\n#33 D:\\xampp\\htdocs\\laravel\\Source\\vendor\\laravel\\framework\\src\\Illuminate\\Queue\\Worker.php(172): Illuminate\\Queue\\Worker->runJob(Object(Illuminate\\Queue\\Jobs\\DatabaseJob), \'database\', Object(Illuminate\\Queue\\WorkerOptions))\n#34 D:\\xampp\\htdocs\\laravel\\Source\\vendor\\laravel\\framework\\src\\Illuminate\\Queue\\Console\\WorkCommand.php(117): Illuminate\\Queue\\Worker->daemon(\'database\', \'default\', Object(Illuminate\\Queue\\WorkerOptions))\n#35 D:\\xampp\\htdocs\\laravel\\Source\\vendor\\laravel\\framework\\src\\Illuminate\\Queue\\Console\\WorkCommand.php(101): Illuminate\\Queue\\Console\\WorkCommand->runWorker(\'database\', \'default\')\n#36 D:\\xampp\\htdocs\\laravel\\Source\\vendor\\laravel\\framework\\src\\Illuminate\\Container\\BoundMethod.php(36): Illuminate\\Queue\\Console\\WorkCommand->handle()\n#37 D:\\xampp\\htdocs\\laravel\\Source\\vendor\\laravel\\framework\\src\\Illuminate\\Container\\Util.php(40): Illuminate\\Container\\BoundMethod::Illuminate\\Container\\{closure}()\n#38 D:\\xampp\\htdocs\\laravel\\Source\\vendor\\laravel\\framework\\src\\Illuminate\\Container\\BoundMethod.php(93): Illuminate\\Container\\Util::unwrapIfClosure(Object(Closure))\n#39 D:\\xampp\\htdocs\\laravel\\Source\\vendor\\laravel\\framework\\src\\Illuminate\\Container\\BoundMethod.php(37): Illuminate\\Container\\BoundMethod::callBoundMethod(Object(Illuminate\\Foundation\\Application), Array, Object(Closure))\n#40 D:\\xampp\\htdocs\\laravel\\Source\\vendor\\laravel\\framework\\src\\Illuminate\\Container\\Container.php(653): Illuminate\\Container\\BoundMethod::call(Object(Illuminate\\Foundation\\Application), Array, Array, NULL)\n#41 D:\\xampp\\htdocs\\laravel\\Source\\vendor\\laravel\\framework\\src\\Illuminate\\Console\\Command.php(136): Illuminate\\Container\\Container->call(Array)\n#42 D:\\xampp\\htdocs\\laravel\\Source\\vendor\\symfony\\console\\Command\\Command.php(298): Illuminate\\Console\\Command->execute(Object(Symfony\\Component\\Console\\Input\\ArgvInput), Object(Illuminate\\Console\\OutputStyle))\n#43 D:\\xampp\\htdocs\\laravel\\Source\\vendor\\laravel\\framework\\src\\Illuminate\\Console\\Command.php(121): Symfony\\Component\\Console\\Command\\Command->run(Object(Symfony\\Component\\Console\\Input\\ArgvInput), Object(Illuminate\\Console\\OutputStyle))\n#44 D:\\xampp\\htdocs\\laravel\\Source\\vendor\\symfony\\console\\Application.php(1005): Illuminate\\Console\\Command->run(Object(Symfony\\Component\\Console\\Input\\ArgvInput), Object(Symfony\\Component\\Console\\Output\\ConsoleOutput))\n#45 D:\\xampp\\htdocs\\laravel\\Source\\vendor\\symfony\\console\\Application.php(299): Symfony\\Component\\Console\\Application->doRunCommand(Object(Illuminate\\Queue\\Console\\WorkCommand), Object(Symfony\\Component\\Console\\Input\\ArgvInput), Object(Symfony\\Component\\Console\\Output\\ConsoleOutput))\n#46 D:\\xampp\\htdocs\\laravel\\Source\\vendor\\symfony\\console\\Application.php(171): Symfony\\Component\\Console\\Application->doRun(Object(Symfony\\Component\\Console\\Input\\ArgvInput), Object(Symfony\\Component\\Console\\Output\\ConsoleOutput))\n#47 D:\\xampp\\htdocs\\laravel\\Source\\vendor\\laravel\\framework\\src\\Illuminate\\Console\\Application.php(94): Symfony\\Component\\Console\\Application->run(Object(Symfony\\Component\\Console\\Input\\ArgvInput), Object(Symfony\\Component\\Console\\Output\\ConsoleOutput))\n#48 D:\\xampp\\htdocs\\laravel\\Source\\vendor\\laravel\\framework\\src\\Illuminate\\Foundation\\Console\\Kernel.php(129): Illuminate\\Console\\Application->run(Object(Symfony\\Component\\Console\\Input\\ArgvInput), Object(Symfony\\Component\\Console\\Output\\ConsoleOutput))\n#49 D:\\xampp\\htdocs\\laravel\\Source\\artisan(37): Illuminate\\Foundation\\Console\\Kernel->handle(Object(Symfony\\Component\\Console\\Input\\ArgvInput), Object(Symfony\\Component\\Console\\Output\\ConsoleOutput))\n#50 {main}', '2021-12-07 10:36:45'),
(7, 'cfa0eb2f-ab2a-4826-ab52-9d6c26ae7315', 'database', 'default', '{\"uuid\":\"cfa0eb2f-ab2a-4826-ab52-9d6c26ae7315\",\"displayName\":\"App\\\\Jobs\\\\SendMail\",\"job\":\"Illuminate\\\\Queue\\\\CallQueuedHandler@call\",\"maxTries\":null,\"maxExceptions\":null,\"failOnTimeout\":false,\"backoff\":null,\"timeout\":null,\"retryUntil\":null,\"data\":{\"commandName\":\"App\\\\Jobs\\\\SendMail\",\"command\":\"O:17:\\\"App\\\\Jobs\\\\SendMail\\\":11:{s:8:\\\"\\u0000*\\u0000email\\\";s:25:\\\"0919663396khang@gmail.com\\\";s:3:\\\"job\\\";N;s:10:\\\"connection\\\";N;s:5:\\\"queue\\\";N;s:15:\\\"chainConnection\\\";N;s:10:\\\"chainQueue\\\";N;s:19:\\\"chainCatchCallbacks\\\";N;s:5:\\\"delay\\\";O:25:\\\"Illuminate\\\\Support\\\\Carbon\\\":3:{s:4:\\\"date\\\";s:26:\\\"2021-12-07 17:41:01.832583\\\";s:13:\\\"timezone_type\\\";i:3;s:8:\\\"timezone\\\";s:3:\\\"UTC\\\";}s:11:\\\"afterCommit\\\";N;s:10:\\\"middleware\\\";a:0:{}s:7:\\\"chained\\\";a:0:{}}\"}}', 'Swift_TransportException: Expected response code 250 but got code \"530\", with message \"530 5.7.0 Must issue a STARTTLS command first. q21sm329134pfu.106 - gsmtp\n\" in D:\\xampp\\htdocs\\laravel\\Source\\vendor\\swiftmailer\\swiftmailer\\lib\\classes\\Swift\\Transport\\AbstractSmtpTransport.php:459\nStack trace:\n#0 D:\\xampp\\htdocs\\laravel\\Source\\vendor\\swiftmailer\\swiftmailer\\lib\\classes\\Swift\\Transport\\AbstractSmtpTransport.php(344): Swift_Transport_AbstractSmtpTransport->assertResponseCode(\'530 5.7.0 Must ...\', Array)\n#1 D:\\xampp\\htdocs\\laravel\\Source\\vendor\\swiftmailer\\swiftmailer\\lib\\classes\\Swift\\Transport\\EsmtpTransport.php(305): Swift_Transport_AbstractSmtpTransport->executeCommand(\'MAIL FROM:<0919...\', Array, Array, false, NULL)\n#2 D:\\xampp\\htdocs\\laravel\\Source\\vendor\\swiftmailer\\swiftmailer\\lib\\classes\\Swift\\Transport\\AbstractSmtpTransport.php(392): Swift_Transport_EsmtpTransport->executeCommand(\'DATA\\r\\n\', Array, Array)\n#3 D:\\xampp\\htdocs\\laravel\\Source\\vendor\\swiftmailer\\swiftmailer\\lib\\classes\\Swift\\Transport\\AbstractSmtpTransport.php(499): Swift_Transport_AbstractSmtpTransport->doDataCommand(Array)\n#4 D:\\xampp\\htdocs\\laravel\\Source\\vendor\\swiftmailer\\swiftmailer\\lib\\classes\\Swift\\Transport\\AbstractSmtpTransport.php(518): Swift_Transport_AbstractSmtpTransport->doMailTransaction(Object(Swift_Message), \'0919663396khang...\', Array, Array)\n#5 D:\\xampp\\htdocs\\laravel\\Source\\vendor\\swiftmailer\\swiftmailer\\lib\\classes\\Swift\\Transport\\AbstractSmtpTransport.php(206): Swift_Transport_AbstractSmtpTransport->sendTo(Object(Swift_Message), \'0919663396khang...\', Array, Array)\n#6 D:\\xampp\\htdocs\\laravel\\Source\\vendor\\swiftmailer\\swiftmailer\\lib\\classes\\Swift\\Mailer.php(71): Swift_Transport_AbstractSmtpTransport->send(Object(Swift_Message), Array)\n#7 D:\\xampp\\htdocs\\laravel\\Source\\vendor\\laravel\\framework\\src\\Illuminate\\Mail\\Mailer.php(521): Swift_Mailer->send(Object(Swift_Message), Array)\n#8 D:\\xampp\\htdocs\\laravel\\Source\\vendor\\laravel\\framework\\src\\Illuminate\\Mail\\Mailer.php(288): Illuminate\\Mail\\Mailer->sendSwiftMessage(Object(Swift_Message))\n#9 D:\\xampp\\htdocs\\laravel\\Source\\vendor\\laravel\\framework\\src\\Illuminate\\Mail\\Mailable.php(187): Illuminate\\Mail\\Mailer->send(\'mail.success\', Array, Object(Closure))\n#10 D:\\xampp\\htdocs\\laravel\\Source\\vendor\\laravel\\framework\\src\\Illuminate\\Support\\Traits\\Localizable.php(19): Illuminate\\Mail\\Mailable->Illuminate\\Mail\\{closure}()\n#11 D:\\xampp\\htdocs\\laravel\\Source\\vendor\\laravel\\framework\\src\\Illuminate\\Mail\\Mailable.php(188): Illuminate\\Mail\\Mailable->withLocale(NULL, Object(Closure))\n#12 D:\\xampp\\htdocs\\laravel\\Source\\vendor\\laravel\\framework\\src\\Illuminate\\Mail\\Mailer.php(304): Illuminate\\Mail\\Mailable->send(Object(Illuminate\\Mail\\Mailer))\n#13 D:\\xampp\\htdocs\\laravel\\Source\\vendor\\laravel\\framework\\src\\Illuminate\\Mail\\Mailer.php(258): Illuminate\\Mail\\Mailer->sendMailable(Object(App\\Mail\\OrderShipped))\n#14 D:\\xampp\\htdocs\\laravel\\Source\\vendor\\laravel\\framework\\src\\Illuminate\\Mail\\PendingMail.php(124): Illuminate\\Mail\\Mailer->send(Object(App\\Mail\\OrderShipped))\n#15 D:\\xampp\\htdocs\\laravel\\Source\\app\\Jobs\\SendMail.php(36): Illuminate\\Mail\\PendingMail->send(Object(App\\Mail\\OrderShipped))\n#16 D:\\xampp\\htdocs\\laravel\\Source\\vendor\\laravel\\framework\\src\\Illuminate\\Container\\BoundMethod.php(36): App\\Jobs\\SendMail->handle()\n#17 D:\\xampp\\htdocs\\laravel\\Source\\vendor\\laravel\\framework\\src\\Illuminate\\Container\\Util.php(40): Illuminate\\Container\\BoundMethod::Illuminate\\Container\\{closure}()\n#18 D:\\xampp\\htdocs\\laravel\\Source\\vendor\\laravel\\framework\\src\\Illuminate\\Container\\BoundMethod.php(93): Illuminate\\Container\\Util::unwrapIfClosure(Object(Closure))\n#19 D:\\xampp\\htdocs\\laravel\\Source\\vendor\\laravel\\framework\\src\\Illuminate\\Container\\BoundMethod.php(37): Illuminate\\Container\\BoundMethod::callBoundMethod(Object(Illuminate\\Foundation\\Application), Array, Object(Closure))\n#20 D:\\xampp\\htdocs\\laravel\\Source\\vendor\\laravel\\framework\\src\\Illuminate\\Container\\Container.php(653): Illuminate\\Container\\BoundMethod::call(Object(Illuminate\\Foundation\\Application), Array, Array, NULL)\n#21 D:\\xampp\\htdocs\\laravel\\Source\\vendor\\laravel\\framework\\src\\Illuminate\\Bus\\Dispatcher.php(128): Illuminate\\Container\\Container->call(Array)\n#22 D:\\xampp\\htdocs\\laravel\\Source\\vendor\\laravel\\framework\\src\\Illuminate\\Pipeline\\Pipeline.php(128): Illuminate\\Bus\\Dispatcher->Illuminate\\Bus\\{closure}(Object(App\\Jobs\\SendMail))\n#23 D:\\xampp\\htdocs\\laravel\\Source\\vendor\\laravel\\framework\\src\\Illuminate\\Pipeline\\Pipeline.php(103): Illuminate\\Pipeline\\Pipeline->Illuminate\\Pipeline\\{closure}(Object(App\\Jobs\\SendMail))\n#24 D:\\xampp\\htdocs\\laravel\\Source\\vendor\\laravel\\framework\\src\\Illuminate\\Bus\\Dispatcher.php(132): Illuminate\\Pipeline\\Pipeline->then(Object(Closure))\n#25 D:\\xampp\\htdocs\\laravel\\Source\\vendor\\laravel\\framework\\src\\Illuminate\\Queue\\CallQueuedHandler.php(120): Illuminate\\Bus\\Dispatcher->dispatchNow(Object(App\\Jobs\\SendMail), false)\n#26 D:\\xampp\\htdocs\\laravel\\Source\\vendor\\laravel\\framework\\src\\Illuminate\\Pipeline\\Pipeline.php(128): Illuminate\\Queue\\CallQueuedHandler->Illuminate\\Queue\\{closure}(Object(App\\Jobs\\SendMail))\n#27 D:\\xampp\\htdocs\\laravel\\Source\\vendor\\laravel\\framework\\src\\Illuminate\\Pipeline\\Pipeline.php(103): Illuminate\\Pipeline\\Pipeline->Illuminate\\Pipeline\\{closure}(Object(App\\Jobs\\SendMail))\n#28 D:\\xampp\\htdocs\\laravel\\Source\\vendor\\laravel\\framework\\src\\Illuminate\\Queue\\CallQueuedHandler.php(122): Illuminate\\Pipeline\\Pipeline->then(Object(Closure))\n#29 D:\\xampp\\htdocs\\laravel\\Source\\vendor\\laravel\\framework\\src\\Illuminate\\Queue\\CallQueuedHandler.php(70): Illuminate\\Queue\\CallQueuedHandler->dispatchThroughMiddleware(Object(Illuminate\\Queue\\Jobs\\DatabaseJob), Object(App\\Jobs\\SendMail))\n#30 D:\\xampp\\htdocs\\laravel\\Source\\vendor\\laravel\\framework\\src\\Illuminate\\Queue\\Jobs\\Job.php(98): Illuminate\\Queue\\CallQueuedHandler->call(Object(Illuminate\\Queue\\Jobs\\DatabaseJob), Array)\n#31 D:\\xampp\\htdocs\\laravel\\Source\\vendor\\laravel\\framework\\src\\Illuminate\\Queue\\Worker.php(428): Illuminate\\Queue\\Jobs\\Job->fire()\n#32 D:\\xampp\\htdocs\\laravel\\Source\\vendor\\laravel\\framework\\src\\Illuminate\\Queue\\Worker.php(378): Illuminate\\Queue\\Worker->process(\'database\', Object(Illuminate\\Queue\\Jobs\\DatabaseJob), Object(Illuminate\\Queue\\WorkerOptions))\n#33 D:\\xampp\\htdocs\\laravel\\Source\\vendor\\laravel\\framework\\src\\Illuminate\\Queue\\Worker.php(172): Illuminate\\Queue\\Worker->runJob(Object(Illuminate\\Queue\\Jobs\\DatabaseJob), \'database\', Object(Illuminate\\Queue\\WorkerOptions))\n#34 D:\\xampp\\htdocs\\laravel\\Source\\vendor\\laravel\\framework\\src\\Illuminate\\Queue\\Console\\WorkCommand.php(117): Illuminate\\Queue\\Worker->daemon(\'database\', \'default\', Object(Illuminate\\Queue\\WorkerOptions))\n#35 D:\\xampp\\htdocs\\laravel\\Source\\vendor\\laravel\\framework\\src\\Illuminate\\Queue\\Console\\WorkCommand.php(101): Illuminate\\Queue\\Console\\WorkCommand->runWorker(\'database\', \'default\')\n#36 D:\\xampp\\htdocs\\laravel\\Source\\vendor\\laravel\\framework\\src\\Illuminate\\Container\\BoundMethod.php(36): Illuminate\\Queue\\Console\\WorkCommand->handle()\n#37 D:\\xampp\\htdocs\\laravel\\Source\\vendor\\laravel\\framework\\src\\Illuminate\\Container\\Util.php(40): Illuminate\\Container\\BoundMethod::Illuminate\\Container\\{closure}()\n#38 D:\\xampp\\htdocs\\laravel\\Source\\vendor\\laravel\\framework\\src\\Illuminate\\Container\\BoundMethod.php(93): Illuminate\\Container\\Util::unwrapIfClosure(Object(Closure))\n#39 D:\\xampp\\htdocs\\laravel\\Source\\vendor\\laravel\\framework\\src\\Illuminate\\Container\\BoundMethod.php(37): Illuminate\\Container\\BoundMethod::callBoundMethod(Object(Illuminate\\Foundation\\Application), Array, Object(Closure))\n#40 D:\\xampp\\htdocs\\laravel\\Source\\vendor\\laravel\\framework\\src\\Illuminate\\Container\\Container.php(653): Illuminate\\Container\\BoundMethod::call(Object(Illuminate\\Foundation\\Application), Array, Array, NULL)\n#41 D:\\xampp\\htdocs\\laravel\\Source\\vendor\\laravel\\framework\\src\\Illuminate\\Console\\Command.php(136): Illuminate\\Container\\Container->call(Array)\n#42 D:\\xampp\\htdocs\\laravel\\Source\\vendor\\symfony\\console\\Command\\Command.php(298): Illuminate\\Console\\Command->execute(Object(Symfony\\Component\\Console\\Input\\ArgvInput), Object(Illuminate\\Console\\OutputStyle))\n#43 D:\\xampp\\htdocs\\laravel\\Source\\vendor\\laravel\\framework\\src\\Illuminate\\Console\\Command.php(121): Symfony\\Component\\Console\\Command\\Command->run(Object(Symfony\\Component\\Console\\Input\\ArgvInput), Object(Illuminate\\Console\\OutputStyle))\n#44 D:\\xampp\\htdocs\\laravel\\Source\\vendor\\symfony\\console\\Application.php(1005): Illuminate\\Console\\Command->run(Object(Symfony\\Component\\Console\\Input\\ArgvInput), Object(Symfony\\Component\\Console\\Output\\ConsoleOutput))\n#45 D:\\xampp\\htdocs\\laravel\\Source\\vendor\\symfony\\console\\Application.php(299): Symfony\\Component\\Console\\Application->doRunCommand(Object(Illuminate\\Queue\\Console\\WorkCommand), Object(Symfony\\Component\\Console\\Input\\ArgvInput), Object(Symfony\\Component\\Console\\Output\\ConsoleOutput))\n#46 D:\\xampp\\htdocs\\laravel\\Source\\vendor\\symfony\\console\\Application.php(171): Symfony\\Component\\Console\\Application->doRun(Object(Symfony\\Component\\Console\\Input\\ArgvInput), Object(Symfony\\Component\\Console\\Output\\ConsoleOutput))\n#47 D:\\xampp\\htdocs\\laravel\\Source\\vendor\\laravel\\framework\\src\\Illuminate\\Console\\Application.php(94): Symfony\\Component\\Console\\Application->run(Object(Symfony\\Component\\Console\\Input\\ArgvInput), Object(Symfony\\Component\\Console\\Output\\ConsoleOutput))\n#48 D:\\xampp\\htdocs\\laravel\\Source\\vendor\\laravel\\framework\\src\\Illuminate\\Foundation\\Console\\Kernel.php(129): Illuminate\\Console\\Application->run(Object(Symfony\\Component\\Console\\Input\\ArgvInput), Object(Symfony\\Component\\Console\\Output\\ConsoleOutput))\n#49 D:\\xampp\\htdocs\\laravel\\Source\\artisan(37): Illuminate\\Foundation\\Console\\Kernel->handle(Object(Symfony\\Component\\Console\\Input\\ArgvInput), Object(Symfony\\Component\\Console\\Output\\ConsoleOutput))\n#50 {main}', '2021-12-07 10:41:03'),
(8, '00ed484d-d9d1-4ea3-9bf9-d7c85128fb33', 'database', 'default', '{\"uuid\":\"00ed484d-d9d1-4ea3-9bf9-d7c85128fb33\",\"displayName\":\"App\\\\Jobs\\\\SendMail\",\"job\":\"Illuminate\\\\Queue\\\\CallQueuedHandler@call\",\"maxTries\":null,\"maxExceptions\":null,\"failOnTimeout\":false,\"backoff\":null,\"timeout\":null,\"retryUntil\":null,\"data\":{\"commandName\":\"App\\\\Jobs\\\\SendMail\",\"command\":\"O:17:\\\"App\\\\Jobs\\\\SendMail\\\":11:{s:8:\\\"\\u0000*\\u0000email\\\";s:25:\\\"0919663396khang@gmail.com\\\";s:3:\\\"job\\\";N;s:10:\\\"connection\\\";N;s:5:\\\"queue\\\";N;s:15:\\\"chainConnection\\\";N;s:10:\\\"chainQueue\\\";N;s:19:\\\"chainCatchCallbacks\\\";N;s:5:\\\"delay\\\";O:25:\\\"Illuminate\\\\Support\\\\Carbon\\\":3:{s:4:\\\"date\\\";s:26:\\\"2021-12-07 17:51:25.816834\\\";s:13:\\\"timezone_type\\\";i:3;s:8:\\\"timezone\\\";s:3:\\\"UTC\\\";}s:11:\\\"afterCommit\\\";N;s:10:\\\"middleware\\\";a:0:{}s:7:\\\"chained\\\";a:0:{}}\"}}', 'Illuminate\\Queue\\MaxAttemptsExceededException: App\\Jobs\\SendMail has been attempted too many times or run too long. The job may have previously timed out. in D:\\xampp\\htdocs\\laravel\\Source\\vendor\\laravel\\framework\\src\\Illuminate\\Queue\\Worker.php:750\nStack trace:\n#0 D:\\xampp\\htdocs\\laravel\\Source\\vendor\\laravel\\framework\\src\\Illuminate\\Queue\\Worker.php(504): Illuminate\\Queue\\Worker->maxAttemptsExceededException(Object(Illuminate\\Queue\\Jobs\\DatabaseJob))\n#1 D:\\xampp\\htdocs\\laravel\\Source\\vendor\\laravel\\framework\\src\\Illuminate\\Queue\\Worker.php(418): Illuminate\\Queue\\Worker->markJobAsFailedIfAlreadyExceedsMaxAttempts(\'database\', Object(Illuminate\\Queue\\Jobs\\DatabaseJob), 1)\n#2 D:\\xampp\\htdocs\\laravel\\Source\\vendor\\laravel\\framework\\src\\Illuminate\\Queue\\Worker.php(378): Illuminate\\Queue\\Worker->process(\'database\', Object(Illuminate\\Queue\\Jobs\\DatabaseJob), Object(Illuminate\\Queue\\WorkerOptions))\n#3 D:\\xampp\\htdocs\\laravel\\Source\\vendor\\laravel\\framework\\src\\Illuminate\\Queue\\Worker.php(172): Illuminate\\Queue\\Worker->runJob(Object(Illuminate\\Queue\\Jobs\\DatabaseJob), \'database\', Object(Illuminate\\Queue\\WorkerOptions))\n#4 D:\\xampp\\htdocs\\laravel\\Source\\vendor\\laravel\\framework\\src\\Illuminate\\Queue\\Console\\WorkCommand.php(117): Illuminate\\Queue\\Worker->daemon(\'database\', \'default\', Object(Illuminate\\Queue\\WorkerOptions))\n#5 D:\\xampp\\htdocs\\laravel\\Source\\vendor\\laravel\\framework\\src\\Illuminate\\Queue\\Console\\WorkCommand.php(101): Illuminate\\Queue\\Console\\WorkCommand->runWorker(\'database\', \'default\')\n#6 D:\\xampp\\htdocs\\laravel\\Source\\vendor\\laravel\\framework\\src\\Illuminate\\Container\\BoundMethod.php(36): Illuminate\\Queue\\Console\\WorkCommand->handle()\n#7 D:\\xampp\\htdocs\\laravel\\Source\\vendor\\laravel\\framework\\src\\Illuminate\\Container\\Util.php(40): Illuminate\\Container\\BoundMethod::Illuminate\\Container\\{closure}()\n#8 D:\\xampp\\htdocs\\laravel\\Source\\vendor\\laravel\\framework\\src\\Illuminate\\Container\\BoundMethod.php(93): Illuminate\\Container\\Util::unwrapIfClosure(Object(Closure))\n#9 D:\\xampp\\htdocs\\laravel\\Source\\vendor\\laravel\\framework\\src\\Illuminate\\Container\\BoundMethod.php(37): Illuminate\\Container\\BoundMethod::callBoundMethod(Object(Illuminate\\Foundation\\Application), Array, Object(Closure))\n#10 D:\\xampp\\htdocs\\laravel\\Source\\vendor\\laravel\\framework\\src\\Illuminate\\Container\\Container.php(653): Illuminate\\Container\\BoundMethod::call(Object(Illuminate\\Foundation\\Application), Array, Array, NULL)\n#11 D:\\xampp\\htdocs\\laravel\\Source\\vendor\\laravel\\framework\\src\\Illuminate\\Console\\Command.php(136): Illuminate\\Container\\Container->call(Array)\n#12 D:\\xampp\\htdocs\\laravel\\Source\\vendor\\symfony\\console\\Command\\Command.php(298): Illuminate\\Console\\Command->execute(Object(Symfony\\Component\\Console\\Input\\ArgvInput), Object(Illuminate\\Console\\OutputStyle))\n#13 D:\\xampp\\htdocs\\laravel\\Source\\vendor\\laravel\\framework\\src\\Illuminate\\Console\\Command.php(121): Symfony\\Component\\Console\\Command\\Command->run(Object(Symfony\\Component\\Console\\Input\\ArgvInput), Object(Illuminate\\Console\\OutputStyle))\n#14 D:\\xampp\\htdocs\\laravel\\Source\\vendor\\symfony\\console\\Application.php(1005): Illuminate\\Console\\Command->run(Object(Symfony\\Component\\Console\\Input\\ArgvInput), Object(Symfony\\Component\\Console\\Output\\ConsoleOutput))\n#15 D:\\xampp\\htdocs\\laravel\\Source\\vendor\\symfony\\console\\Application.php(299): Symfony\\Component\\Console\\Application->doRunCommand(Object(Illuminate\\Queue\\Console\\WorkCommand), Object(Symfony\\Component\\Console\\Input\\ArgvInput), Object(Symfony\\Component\\Console\\Output\\ConsoleOutput))\n#16 D:\\xampp\\htdocs\\laravel\\Source\\vendor\\symfony\\console\\Application.php(171): Symfony\\Component\\Console\\Application->doRun(Object(Symfony\\Component\\Console\\Input\\ArgvInput), Object(Symfony\\Component\\Console\\Output\\ConsoleOutput))\n#17 D:\\xampp\\htdocs\\laravel\\Source\\vendor\\laravel\\framework\\src\\Illuminate\\Console\\Application.php(94): Symfony\\Component\\Console\\Application->run(Object(Symfony\\Component\\Console\\Input\\ArgvInput), Object(Symfony\\Component\\Console\\Output\\ConsoleOutput))\n#18 D:\\xampp\\htdocs\\laravel\\Source\\vendor\\laravel\\framework\\src\\Illuminate\\Foundation\\Console\\Kernel.php(129): Illuminate\\Console\\Application->run(Object(Symfony\\Component\\Console\\Input\\ArgvInput), Object(Symfony\\Component\\Console\\Output\\ConsoleOutput))\n#19 D:\\xampp\\htdocs\\laravel\\Source\\artisan(37): Illuminate\\Foundation\\Console\\Kernel->handle(Object(Symfony\\Component\\Console\\Input\\ArgvInput), Object(Symfony\\Component\\Console\\Output\\ConsoleOutput))\n#20 {main}', '2021-12-07 10:54:21'),
(9, '9804a4d6-2b20-4325-9858-0210532fa1ae', 'database', 'default', '{\"uuid\":\"9804a4d6-2b20-4325-9858-0210532fa1ae\",\"displayName\":\"App\\\\Jobs\\\\SendMail\",\"job\":\"Illuminate\\\\Queue\\\\CallQueuedHandler@call\",\"maxTries\":null,\"maxExceptions\":null,\"failOnTimeout\":false,\"backoff\":null,\"timeout\":null,\"retryUntil\":null,\"data\":{\"commandName\":\"App\\\\Jobs\\\\SendMail\",\"command\":\"O:17:\\\"App\\\\Jobs\\\\SendMail\\\":11:{s:8:\\\"\\u0000*\\u0000email\\\";s:25:\\\"0919663396khang@gmail.com\\\";s:3:\\\"job\\\";N;s:10:\\\"connection\\\";N;s:5:\\\"queue\\\";N;s:15:\\\"chainConnection\\\";N;s:10:\\\"chainQueue\\\";N;s:19:\\\"chainCatchCallbacks\\\";N;s:5:\\\"delay\\\";O:25:\\\"Illuminate\\\\Support\\\\Carbon\\\":3:{s:4:\\\"date\\\";s:26:\\\"2021-12-07 17:52:29.362752\\\";s:13:\\\"timezone_type\\\";i:3;s:8:\\\"timezone\\\";s:3:\\\"UTC\\\";}s:11:\\\"afterCommit\\\";N;s:10:\\\"middleware\\\";a:0:{}s:7:\\\"chained\\\";a:0:{}}\"}}', 'Illuminate\\Queue\\MaxAttemptsExceededException: App\\Jobs\\SendMail has been attempted too many times or run too long. The job may have previously timed out. in D:\\xampp\\htdocs\\laravel\\Source\\vendor\\laravel\\framework\\src\\Illuminate\\Queue\\Worker.php:750\nStack trace:\n#0 D:\\xampp\\htdocs\\laravel\\Source\\vendor\\laravel\\framework\\src\\Illuminate\\Queue\\Worker.php(504): Illuminate\\Queue\\Worker->maxAttemptsExceededException(Object(Illuminate\\Queue\\Jobs\\DatabaseJob))\n#1 D:\\xampp\\htdocs\\laravel\\Source\\vendor\\laravel\\framework\\src\\Illuminate\\Queue\\Worker.php(418): Illuminate\\Queue\\Worker->markJobAsFailedIfAlreadyExceedsMaxAttempts(\'database\', Object(Illuminate\\Queue\\Jobs\\DatabaseJob), 1)\n#2 D:\\xampp\\htdocs\\laravel\\Source\\vendor\\laravel\\framework\\src\\Illuminate\\Queue\\Worker.php(378): Illuminate\\Queue\\Worker->process(\'database\', Object(Illuminate\\Queue\\Jobs\\DatabaseJob), Object(Illuminate\\Queue\\WorkerOptions))\n#3 D:\\xampp\\htdocs\\laravel\\Source\\vendor\\laravel\\framework\\src\\Illuminate\\Queue\\Worker.php(172): Illuminate\\Queue\\Worker->runJob(Object(Illuminate\\Queue\\Jobs\\DatabaseJob), \'database\', Object(Illuminate\\Queue\\WorkerOptions))\n#4 D:\\xampp\\htdocs\\laravel\\Source\\vendor\\laravel\\framework\\src\\Illuminate\\Queue\\Console\\WorkCommand.php(117): Illuminate\\Queue\\Worker->daemon(\'database\', \'default\', Object(Illuminate\\Queue\\WorkerOptions))\n#5 D:\\xampp\\htdocs\\laravel\\Source\\vendor\\laravel\\framework\\src\\Illuminate\\Queue\\Console\\WorkCommand.php(101): Illuminate\\Queue\\Console\\WorkCommand->runWorker(\'database\', \'default\')\n#6 D:\\xampp\\htdocs\\laravel\\Source\\vendor\\laravel\\framework\\src\\Illuminate\\Container\\BoundMethod.php(36): Illuminate\\Queue\\Console\\WorkCommand->handle()\n#7 D:\\xampp\\htdocs\\laravel\\Source\\vendor\\laravel\\framework\\src\\Illuminate\\Container\\Util.php(40): Illuminate\\Container\\BoundMethod::Illuminate\\Container\\{closure}()\n#8 D:\\xampp\\htdocs\\laravel\\Source\\vendor\\laravel\\framework\\src\\Illuminate\\Container\\BoundMethod.php(93): Illuminate\\Container\\Util::unwrapIfClosure(Object(Closure))\n#9 D:\\xampp\\htdocs\\laravel\\Source\\vendor\\laravel\\framework\\src\\Illuminate\\Container\\BoundMethod.php(37): Illuminate\\Container\\BoundMethod::callBoundMethod(Object(Illuminate\\Foundation\\Application), Array, Object(Closure))\n#10 D:\\xampp\\htdocs\\laravel\\Source\\vendor\\laravel\\framework\\src\\Illuminate\\Container\\Container.php(653): Illuminate\\Container\\BoundMethod::call(Object(Illuminate\\Foundation\\Application), Array, Array, NULL)\n#11 D:\\xampp\\htdocs\\laravel\\Source\\vendor\\laravel\\framework\\src\\Illuminate\\Console\\Command.php(136): Illuminate\\Container\\Container->call(Array)\n#12 D:\\xampp\\htdocs\\laravel\\Source\\vendor\\symfony\\console\\Command\\Command.php(298): Illuminate\\Console\\Command->execute(Object(Symfony\\Component\\Console\\Input\\ArgvInput), Object(Illuminate\\Console\\OutputStyle))\n#13 D:\\xampp\\htdocs\\laravel\\Source\\vendor\\laravel\\framework\\src\\Illuminate\\Console\\Command.php(121): Symfony\\Component\\Console\\Command\\Command->run(Object(Symfony\\Component\\Console\\Input\\ArgvInput), Object(Illuminate\\Console\\OutputStyle))\n#14 D:\\xampp\\htdocs\\laravel\\Source\\vendor\\symfony\\console\\Application.php(1005): Illuminate\\Console\\Command->run(Object(Symfony\\Component\\Console\\Input\\ArgvInput), Object(Symfony\\Component\\Console\\Output\\ConsoleOutput))\n#15 D:\\xampp\\htdocs\\laravel\\Source\\vendor\\symfony\\console\\Application.php(299): Symfony\\Component\\Console\\Application->doRunCommand(Object(Illuminate\\Queue\\Console\\WorkCommand), Object(Symfony\\Component\\Console\\Input\\ArgvInput), Object(Symfony\\Component\\Console\\Output\\ConsoleOutput))\n#16 D:\\xampp\\htdocs\\laravel\\Source\\vendor\\symfony\\console\\Application.php(171): Symfony\\Component\\Console\\Application->doRun(Object(Symfony\\Component\\Console\\Input\\ArgvInput), Object(Symfony\\Component\\Console\\Output\\ConsoleOutput))\n#17 D:\\xampp\\htdocs\\laravel\\Source\\vendor\\laravel\\framework\\src\\Illuminate\\Console\\Application.php(94): Symfony\\Component\\Console\\Application->run(Object(Symfony\\Component\\Console\\Input\\ArgvInput), Object(Symfony\\Component\\Console\\Output\\ConsoleOutput))\n#18 D:\\xampp\\htdocs\\laravel\\Source\\vendor\\laravel\\framework\\src\\Illuminate\\Foundation\\Console\\Kernel.php(129): Illuminate\\Console\\Application->run(Object(Symfony\\Component\\Console\\Input\\ArgvInput), Object(Symfony\\Component\\Console\\Output\\ConsoleOutput))\n#19 D:\\xampp\\htdocs\\laravel\\Source\\artisan(37): Illuminate\\Foundation\\Console\\Kernel->handle(Object(Symfony\\Component\\Console\\Input\\ArgvInput), Object(Symfony\\Component\\Console\\Output\\ConsoleOutput))\n#20 {main}', '2021-12-07 10:54:21'),
(10, '46640e2f-8f9a-4e39-b11e-6e6646adbbec', 'database', 'default', '{\"uuid\":\"46640e2f-8f9a-4e39-b11e-6e6646adbbec\",\"displayName\":\"App\\\\Jobs\\\\SendMail\",\"job\":\"Illuminate\\\\Queue\\\\CallQueuedHandler@call\",\"maxTries\":null,\"maxExceptions\":null,\"failOnTimeout\":false,\"backoff\":null,\"timeout\":null,\"retryUntil\":null,\"data\":{\"commandName\":\"App\\\\Jobs\\\\SendMail\",\"command\":\"O:17:\\\"App\\\\Jobs\\\\SendMail\\\":11:{s:8:\\\"\\u0000*\\u0000email\\\";s:25:\\\"0919663396khang@gmail.com\\\";s:3:\\\"job\\\";N;s:10:\\\"connection\\\";N;s:5:\\\"queue\\\";N;s:15:\\\"chainConnection\\\";N;s:10:\\\"chainQueue\\\";N;s:19:\\\"chainCatchCallbacks\\\";N;s:5:\\\"delay\\\";O:25:\\\"Illuminate\\\\Support\\\\Carbon\\\":3:{s:4:\\\"date\\\";s:26:\\\"2021-12-07 17:54:41.418068\\\";s:13:\\\"timezone_type\\\";i:3;s:8:\\\"timezone\\\";s:3:\\\"UTC\\\";}s:11:\\\"afterCommit\\\";N;s:10:\\\"middleware\\\";a:0:{}s:7:\\\"chained\\\";a:0:{}}\"}}', 'Illuminate\\Queue\\MaxAttemptsExceededException: App\\Jobs\\SendMail has been attempted too many times or run too long. The job may have previously timed out. in D:\\xampp\\htdocs\\laravel\\Source\\vendor\\laravel\\framework\\src\\Illuminate\\Queue\\Worker.php:750\nStack trace:\n#0 D:\\xampp\\htdocs\\laravel\\Source\\vendor\\laravel\\framework\\src\\Illuminate\\Queue\\Worker.php(504): Illuminate\\Queue\\Worker->maxAttemptsExceededException(Object(Illuminate\\Queue\\Jobs\\DatabaseJob))\n#1 D:\\xampp\\htdocs\\laravel\\Source\\vendor\\laravel\\framework\\src\\Illuminate\\Queue\\Worker.php(418): Illuminate\\Queue\\Worker->markJobAsFailedIfAlreadyExceedsMaxAttempts(\'database\', Object(Illuminate\\Queue\\Jobs\\DatabaseJob), 1)\n#2 D:\\xampp\\htdocs\\laravel\\Source\\vendor\\laravel\\framework\\src\\Illuminate\\Queue\\Worker.php(378): Illuminate\\Queue\\Worker->process(\'database\', Object(Illuminate\\Queue\\Jobs\\DatabaseJob), Object(Illuminate\\Queue\\WorkerOptions))\n#3 D:\\xampp\\htdocs\\laravel\\Source\\vendor\\laravel\\framework\\src\\Illuminate\\Queue\\Worker.php(172): Illuminate\\Queue\\Worker->runJob(Object(Illuminate\\Queue\\Jobs\\DatabaseJob), \'database\', Object(Illuminate\\Queue\\WorkerOptions))\n#4 D:\\xampp\\htdocs\\laravel\\Source\\vendor\\laravel\\framework\\src\\Illuminate\\Queue\\Console\\WorkCommand.php(117): Illuminate\\Queue\\Worker->daemon(\'database\', \'default\', Object(Illuminate\\Queue\\WorkerOptions))\n#5 D:\\xampp\\htdocs\\laravel\\Source\\vendor\\laravel\\framework\\src\\Illuminate\\Queue\\Console\\WorkCommand.php(101): Illuminate\\Queue\\Console\\WorkCommand->runWorker(\'database\', \'default\')\n#6 D:\\xampp\\htdocs\\laravel\\Source\\vendor\\laravel\\framework\\src\\Illuminate\\Container\\BoundMethod.php(36): Illuminate\\Queue\\Console\\WorkCommand->handle()\n#7 D:\\xampp\\htdocs\\laravel\\Source\\vendor\\laravel\\framework\\src\\Illuminate\\Container\\Util.php(40): Illuminate\\Container\\BoundMethod::Illuminate\\Container\\{closure}()\n#8 D:\\xampp\\htdocs\\laravel\\Source\\vendor\\laravel\\framework\\src\\Illuminate\\Container\\BoundMethod.php(93): Illuminate\\Container\\Util::unwrapIfClosure(Object(Closure))\n#9 D:\\xampp\\htdocs\\laravel\\Source\\vendor\\laravel\\framework\\src\\Illuminate\\Container\\BoundMethod.php(37): Illuminate\\Container\\BoundMethod::callBoundMethod(Object(Illuminate\\Foundation\\Application), Array, Object(Closure))\n#10 D:\\xampp\\htdocs\\laravel\\Source\\vendor\\laravel\\framework\\src\\Illuminate\\Container\\Container.php(653): Illuminate\\Container\\BoundMethod::call(Object(Illuminate\\Foundation\\Application), Array, Array, NULL)\n#11 D:\\xampp\\htdocs\\laravel\\Source\\vendor\\laravel\\framework\\src\\Illuminate\\Console\\Command.php(136): Illuminate\\Container\\Container->call(Array)\n#12 D:\\xampp\\htdocs\\laravel\\Source\\vendor\\symfony\\console\\Command\\Command.php(298): Illuminate\\Console\\Command->execute(Object(Symfony\\Component\\Console\\Input\\ArgvInput), Object(Illuminate\\Console\\OutputStyle))\n#13 D:\\xampp\\htdocs\\laravel\\Source\\vendor\\laravel\\framework\\src\\Illuminate\\Console\\Command.php(121): Symfony\\Component\\Console\\Command\\Command->run(Object(Symfony\\Component\\Console\\Input\\ArgvInput), Object(Illuminate\\Console\\OutputStyle))\n#14 D:\\xampp\\htdocs\\laravel\\Source\\vendor\\symfony\\console\\Application.php(1005): Illuminate\\Console\\Command->run(Object(Symfony\\Component\\Console\\Input\\ArgvInput), Object(Symfony\\Component\\Console\\Output\\ConsoleOutput))\n#15 D:\\xampp\\htdocs\\laravel\\Source\\vendor\\symfony\\console\\Application.php(299): Symfony\\Component\\Console\\Application->doRunCommand(Object(Illuminate\\Queue\\Console\\WorkCommand), Object(Symfony\\Component\\Console\\Input\\ArgvInput), Object(Symfony\\Component\\Console\\Output\\ConsoleOutput))\n#16 D:\\xampp\\htdocs\\laravel\\Source\\vendor\\symfony\\console\\Application.php(171): Symfony\\Component\\Console\\Application->doRun(Object(Symfony\\Component\\Console\\Input\\ArgvInput), Object(Symfony\\Component\\Console\\Output\\ConsoleOutput))\n#17 D:\\xampp\\htdocs\\laravel\\Source\\vendor\\laravel\\framework\\src\\Illuminate\\Console\\Application.php(94): Symfony\\Component\\Console\\Application->run(Object(Symfony\\Component\\Console\\Input\\ArgvInput), Object(Symfony\\Component\\Console\\Output\\ConsoleOutput))\n#18 D:\\xampp\\htdocs\\laravel\\Source\\vendor\\laravel\\framework\\src\\Illuminate\\Foundation\\Console\\Kernel.php(129): Illuminate\\Console\\Application->run(Object(Symfony\\Component\\Console\\Input\\ArgvInput), Object(Symfony\\Component\\Console\\Output\\ConsoleOutput))\n#19 D:\\xampp\\htdocs\\laravel\\Source\\artisan(37): Illuminate\\Foundation\\Console\\Kernel->handle(Object(Symfony\\Component\\Console\\Input\\ArgvInput), Object(Symfony\\Component\\Console\\Output\\ConsoleOutput))\n#20 {main}', '2021-12-07 11:00:26');
INSERT INTO `failed_jobs` (`id`, `uuid`, `connection`, `queue`, `payload`, `exception`, `failed_at`) VALUES
(11, '87860f94-6e65-4ff8-bc42-ce1b7d4f735c', 'database', 'default', '{\"uuid\":\"87860f94-6e65-4ff8-bc42-ce1b7d4f735c\",\"displayName\":\"App\\\\Jobs\\\\SendMail\",\"job\":\"Illuminate\\\\Queue\\\\CallQueuedHandler@call\",\"maxTries\":null,\"maxExceptions\":null,\"failOnTimeout\":false,\"backoff\":null,\"timeout\":null,\"retryUntil\":null,\"data\":{\"commandName\":\"App\\\\Jobs\\\\SendMail\",\"command\":\"O:17:\\\"App\\\\Jobs\\\\SendMail\\\":11:{s:8:\\\"\\u0000*\\u0000email\\\";s:25:\\\"0919663396khang@gmail.com\\\";s:3:\\\"job\\\";N;s:10:\\\"connection\\\";N;s:5:\\\"queue\\\";N;s:15:\\\"chainConnection\\\";N;s:10:\\\"chainQueue\\\";N;s:19:\\\"chainCatchCallbacks\\\";N;s:5:\\\"delay\\\";O:25:\\\"Illuminate\\\\Support\\\\Carbon\\\":3:{s:4:\\\"date\\\";s:26:\\\"2021-12-07 18:10:03.984156\\\";s:13:\\\"timezone_type\\\";i:3;s:8:\\\"timezone\\\";s:3:\\\"UTC\\\";}s:11:\\\"afterCommit\\\";N;s:10:\\\"middleware\\\";a:0:{}s:7:\\\"chained\\\";a:0:{}}\"}}', 'Swift_TransportException: Expected response code 250 but got code \"530\", with message \"530 5.7.0 Must issue a STARTTLS command first. k3sm183196pgq.54 - gsmtp\n\" in D:\\xampp\\htdocs\\laravel\\Source\\vendor\\swiftmailer\\swiftmailer\\lib\\classes\\Swift\\Transport\\AbstractSmtpTransport.php:459\nStack trace:\n#0 D:\\xampp\\htdocs\\laravel\\Source\\vendor\\swiftmailer\\swiftmailer\\lib\\classes\\Swift\\Transport\\AbstractSmtpTransport.php(344): Swift_Transport_AbstractSmtpTransport->assertResponseCode(\'530 5.7.0 Must ...\', Array)\n#1 D:\\xampp\\htdocs\\laravel\\Source\\vendor\\swiftmailer\\swiftmailer\\lib\\classes\\Swift\\Transport\\EsmtpTransport.php(305): Swift_Transport_AbstractSmtpTransport->executeCommand(\'MAIL FROM:<0919...\', Array, Array, false, NULL)\n#2 D:\\xampp\\htdocs\\laravel\\Source\\vendor\\swiftmailer\\swiftmailer\\lib\\classes\\Swift\\Transport\\AbstractSmtpTransport.php(392): Swift_Transport_EsmtpTransport->executeCommand(\'DATA\\r\\n\', Array, Array)\n#3 D:\\xampp\\htdocs\\laravel\\Source\\vendor\\swiftmailer\\swiftmailer\\lib\\classes\\Swift\\Transport\\AbstractSmtpTransport.php(499): Swift_Transport_AbstractSmtpTransport->doDataCommand(Array)\n#4 D:\\xampp\\htdocs\\laravel\\Source\\vendor\\swiftmailer\\swiftmailer\\lib\\classes\\Swift\\Transport\\AbstractSmtpTransport.php(518): Swift_Transport_AbstractSmtpTransport->doMailTransaction(Object(Swift_Message), \'0919663396khang...\', Array, Array)\n#5 D:\\xampp\\htdocs\\laravel\\Source\\vendor\\swiftmailer\\swiftmailer\\lib\\classes\\Swift\\Transport\\AbstractSmtpTransport.php(206): Swift_Transport_AbstractSmtpTransport->sendTo(Object(Swift_Message), \'0919663396khang...\', Array, Array)\n#6 D:\\xampp\\htdocs\\laravel\\Source\\vendor\\swiftmailer\\swiftmailer\\lib\\classes\\Swift\\Mailer.php(71): Swift_Transport_AbstractSmtpTransport->send(Object(Swift_Message), Array)\n#7 D:\\xampp\\htdocs\\laravel\\Source\\vendor\\laravel\\framework\\src\\Illuminate\\Mail\\Mailer.php(521): Swift_Mailer->send(Object(Swift_Message), Array)\n#8 D:\\xampp\\htdocs\\laravel\\Source\\vendor\\laravel\\framework\\src\\Illuminate\\Mail\\Mailer.php(288): Illuminate\\Mail\\Mailer->sendSwiftMessage(Object(Swift_Message))\n#9 D:\\xampp\\htdocs\\laravel\\Source\\vendor\\laravel\\framework\\src\\Illuminate\\Mail\\Mailable.php(187): Illuminate\\Mail\\Mailer->send(\'mail.success\', Array, Object(Closure))\n#10 D:\\xampp\\htdocs\\laravel\\Source\\vendor\\laravel\\framework\\src\\Illuminate\\Support\\Traits\\Localizable.php(19): Illuminate\\Mail\\Mailable->Illuminate\\Mail\\{closure}()\n#11 D:\\xampp\\htdocs\\laravel\\Source\\vendor\\laravel\\framework\\src\\Illuminate\\Mail\\Mailable.php(188): Illuminate\\Mail\\Mailable->withLocale(NULL, Object(Closure))\n#12 D:\\xampp\\htdocs\\laravel\\Source\\vendor\\laravel\\framework\\src\\Illuminate\\Mail\\Mailer.php(304): Illuminate\\Mail\\Mailable->send(Object(Illuminate\\Mail\\Mailer))\n#13 D:\\xampp\\htdocs\\laravel\\Source\\vendor\\laravel\\framework\\src\\Illuminate\\Mail\\Mailer.php(258): Illuminate\\Mail\\Mailer->sendMailable(Object(App\\Mail\\OrderShipped))\n#14 D:\\xampp\\htdocs\\laravel\\Source\\vendor\\laravel\\framework\\src\\Illuminate\\Mail\\PendingMail.php(124): Illuminate\\Mail\\Mailer->send(Object(App\\Mail\\OrderShipped))\n#15 D:\\xampp\\htdocs\\laravel\\Source\\app\\Jobs\\SendMail.php(36): Illuminate\\Mail\\PendingMail->send(Object(App\\Mail\\OrderShipped))\n#16 D:\\xampp\\htdocs\\laravel\\Source\\vendor\\laravel\\framework\\src\\Illuminate\\Container\\BoundMethod.php(36): App\\Jobs\\SendMail->handle()\n#17 D:\\xampp\\htdocs\\laravel\\Source\\vendor\\laravel\\framework\\src\\Illuminate\\Container\\Util.php(40): Illuminate\\Container\\BoundMethod::Illuminate\\Container\\{closure}()\n#18 D:\\xampp\\htdocs\\laravel\\Source\\vendor\\laravel\\framework\\src\\Illuminate\\Container\\BoundMethod.php(93): Illuminate\\Container\\Util::unwrapIfClosure(Object(Closure))\n#19 D:\\xampp\\htdocs\\laravel\\Source\\vendor\\laravel\\framework\\src\\Illuminate\\Container\\BoundMethod.php(37): Illuminate\\Container\\BoundMethod::callBoundMethod(Object(Illuminate\\Foundation\\Application), Array, Object(Closure))\n#20 D:\\xampp\\htdocs\\laravel\\Source\\vendor\\laravel\\framework\\src\\Illuminate\\Container\\Container.php(653): Illuminate\\Container\\BoundMethod::call(Object(Illuminate\\Foundation\\Application), Array, Array, NULL)\n#21 D:\\xampp\\htdocs\\laravel\\Source\\vendor\\laravel\\framework\\src\\Illuminate\\Bus\\Dispatcher.php(128): Illuminate\\Container\\Container->call(Array)\n#22 D:\\xampp\\htdocs\\laravel\\Source\\vendor\\laravel\\framework\\src\\Illuminate\\Pipeline\\Pipeline.php(128): Illuminate\\Bus\\Dispatcher->Illuminate\\Bus\\{closure}(Object(App\\Jobs\\SendMail))\n#23 D:\\xampp\\htdocs\\laravel\\Source\\vendor\\laravel\\framework\\src\\Illuminate\\Pipeline\\Pipeline.php(103): Illuminate\\Pipeline\\Pipeline->Illuminate\\Pipeline\\{closure}(Object(App\\Jobs\\SendMail))\n#24 D:\\xampp\\htdocs\\laravel\\Source\\vendor\\laravel\\framework\\src\\Illuminate\\Bus\\Dispatcher.php(132): Illuminate\\Pipeline\\Pipeline->then(Object(Closure))\n#25 D:\\xampp\\htdocs\\laravel\\Source\\vendor\\laravel\\framework\\src\\Illuminate\\Queue\\CallQueuedHandler.php(120): Illuminate\\Bus\\Dispatcher->dispatchNow(Object(App\\Jobs\\SendMail), false)\n#26 D:\\xampp\\htdocs\\laravel\\Source\\vendor\\laravel\\framework\\src\\Illuminate\\Pipeline\\Pipeline.php(128): Illuminate\\Queue\\CallQueuedHandler->Illuminate\\Queue\\{closure}(Object(App\\Jobs\\SendMail))\n#27 D:\\xampp\\htdocs\\laravel\\Source\\vendor\\laravel\\framework\\src\\Illuminate\\Pipeline\\Pipeline.php(103): Illuminate\\Pipeline\\Pipeline->Illuminate\\Pipeline\\{closure}(Object(App\\Jobs\\SendMail))\n#28 D:\\xampp\\htdocs\\laravel\\Source\\vendor\\laravel\\framework\\src\\Illuminate\\Queue\\CallQueuedHandler.php(122): Illuminate\\Pipeline\\Pipeline->then(Object(Closure))\n#29 D:\\xampp\\htdocs\\laravel\\Source\\vendor\\laravel\\framework\\src\\Illuminate\\Queue\\CallQueuedHandler.php(70): Illuminate\\Queue\\CallQueuedHandler->dispatchThroughMiddleware(Object(Illuminate\\Queue\\Jobs\\DatabaseJob), Object(App\\Jobs\\SendMail))\n#30 D:\\xampp\\htdocs\\laravel\\Source\\vendor\\laravel\\framework\\src\\Illuminate\\Queue\\Jobs\\Job.php(98): Illuminate\\Queue\\CallQueuedHandler->call(Object(Illuminate\\Queue\\Jobs\\DatabaseJob), Array)\n#31 D:\\xampp\\htdocs\\laravel\\Source\\vendor\\laravel\\framework\\src\\Illuminate\\Queue\\Worker.php(428): Illuminate\\Queue\\Jobs\\Job->fire()\n#32 D:\\xampp\\htdocs\\laravel\\Source\\vendor\\laravel\\framework\\src\\Illuminate\\Queue\\Worker.php(378): Illuminate\\Queue\\Worker->process(\'database\', Object(Illuminate\\Queue\\Jobs\\DatabaseJob), Object(Illuminate\\Queue\\WorkerOptions))\n#33 D:\\xampp\\htdocs\\laravel\\Source\\vendor\\laravel\\framework\\src\\Illuminate\\Queue\\Worker.php(172): Illuminate\\Queue\\Worker->runJob(Object(Illuminate\\Queue\\Jobs\\DatabaseJob), \'database\', Object(Illuminate\\Queue\\WorkerOptions))\n#34 D:\\xampp\\htdocs\\laravel\\Source\\vendor\\laravel\\framework\\src\\Illuminate\\Queue\\Console\\WorkCommand.php(117): Illuminate\\Queue\\Worker->daemon(\'database\', \'default\', Object(Illuminate\\Queue\\WorkerOptions))\n#35 D:\\xampp\\htdocs\\laravel\\Source\\vendor\\laravel\\framework\\src\\Illuminate\\Queue\\Console\\WorkCommand.php(101): Illuminate\\Queue\\Console\\WorkCommand->runWorker(\'database\', \'default\')\n#36 D:\\xampp\\htdocs\\laravel\\Source\\vendor\\laravel\\framework\\src\\Illuminate\\Container\\BoundMethod.php(36): Illuminate\\Queue\\Console\\WorkCommand->handle()\n#37 D:\\xampp\\htdocs\\laravel\\Source\\vendor\\laravel\\framework\\src\\Illuminate\\Container\\Util.php(40): Illuminate\\Container\\BoundMethod::Illuminate\\Container\\{closure}()\n#38 D:\\xampp\\htdocs\\laravel\\Source\\vendor\\laravel\\framework\\src\\Illuminate\\Container\\BoundMethod.php(93): Illuminate\\Container\\Util::unwrapIfClosure(Object(Closure))\n#39 D:\\xampp\\htdocs\\laravel\\Source\\vendor\\laravel\\framework\\src\\Illuminate\\Container\\BoundMethod.php(37): Illuminate\\Container\\BoundMethod::callBoundMethod(Object(Illuminate\\Foundation\\Application), Array, Object(Closure))\n#40 D:\\xampp\\htdocs\\laravel\\Source\\vendor\\laravel\\framework\\src\\Illuminate\\Container\\Container.php(653): Illuminate\\Container\\BoundMethod::call(Object(Illuminate\\Foundation\\Application), Array, Array, NULL)\n#41 D:\\xampp\\htdocs\\laravel\\Source\\vendor\\laravel\\framework\\src\\Illuminate\\Console\\Command.php(136): Illuminate\\Container\\Container->call(Array)\n#42 D:\\xampp\\htdocs\\laravel\\Source\\vendor\\symfony\\console\\Command\\Command.php(298): Illuminate\\Console\\Command->execute(Object(Symfony\\Component\\Console\\Input\\ArgvInput), Object(Illuminate\\Console\\OutputStyle))\n#43 D:\\xampp\\htdocs\\laravel\\Source\\vendor\\laravel\\framework\\src\\Illuminate\\Console\\Command.php(121): Symfony\\Component\\Console\\Command\\Command->run(Object(Symfony\\Component\\Console\\Input\\ArgvInput), Object(Illuminate\\Console\\OutputStyle))\n#44 D:\\xampp\\htdocs\\laravel\\Source\\vendor\\symfony\\console\\Application.php(1005): Illuminate\\Console\\Command->run(Object(Symfony\\Component\\Console\\Input\\ArgvInput), Object(Symfony\\Component\\Console\\Output\\ConsoleOutput))\n#45 D:\\xampp\\htdocs\\laravel\\Source\\vendor\\symfony\\console\\Application.php(299): Symfony\\Component\\Console\\Application->doRunCommand(Object(Illuminate\\Queue\\Console\\WorkCommand), Object(Symfony\\Component\\Console\\Input\\ArgvInput), Object(Symfony\\Component\\Console\\Output\\ConsoleOutput))\n#46 D:\\xampp\\htdocs\\laravel\\Source\\vendor\\symfony\\console\\Application.php(171): Symfony\\Component\\Console\\Application->doRun(Object(Symfony\\Component\\Console\\Input\\ArgvInput), Object(Symfony\\Component\\Console\\Output\\ConsoleOutput))\n#47 D:\\xampp\\htdocs\\laravel\\Source\\vendor\\laravel\\framework\\src\\Illuminate\\Console\\Application.php(94): Symfony\\Component\\Console\\Application->run(Object(Symfony\\Component\\Console\\Input\\ArgvInput), Object(Symfony\\Component\\Console\\Output\\ConsoleOutput))\n#48 D:\\xampp\\htdocs\\laravel\\Source\\vendor\\laravel\\framework\\src\\Illuminate\\Foundation\\Console\\Kernel.php(129): Illuminate\\Console\\Application->run(Object(Symfony\\Component\\Console\\Input\\ArgvInput), Object(Symfony\\Component\\Console\\Output\\ConsoleOutput))\n#49 D:\\xampp\\htdocs\\laravel\\Source\\artisan(37): Illuminate\\Foundation\\Console\\Kernel->handle(Object(Symfony\\Component\\Console\\Input\\ArgvInput), Object(Symfony\\Component\\Console\\Output\\ConsoleOutput))\n#50 {main}', '2021-12-07 11:10:05');

-- --------------------------------------------------------

--
-- Cấu trúc bảng cho bảng `jobs`
--

CREATE TABLE `jobs` (
  `id` bigint(20) UNSIGNED NOT NULL,
  `queue` varchar(255) COLLATE utf8mb4_unicode_ci NOT NULL,
  `payload` longtext COLLATE utf8mb4_unicode_ci NOT NULL,
  `attempts` tinyint(3) UNSIGNED NOT NULL,
  `reserved_at` int(10) UNSIGNED DEFAULT NULL,
  `available_at` int(10) UNSIGNED NOT NULL,
  `created_at` int(10) UNSIGNED NOT NULL
) ENGINE=InnoDB DEFAULT CHARSET=utf8mb4 COLLATE=utf8mb4_unicode_ci;

-- --------------------------------------------------------

--
-- Cấu trúc bảng cho bảng `menus`
--

CREATE TABLE `menus` (
  `id` bigint(20) UNSIGNED NOT NULL,
  `name` varchar(255) COLLATE utf8mb4_unicode_ci NOT NULL,
  `parent_id` int(11) NOT NULL,
  `description` text COLLATE utf8mb4_unicode_ci NOT NULL,
  `content` longtext COLLATE utf8mb4_unicode_ci NOT NULL,
  `active` int(11) NOT NULL,
  `created_at` timestamp NULL DEFAULT NULL,
  `updated_at` timestamp NULL DEFAULT NULL
) ENGINE=InnoDB DEFAULT CHARSET=utf8mb4 COLLATE=utf8mb4_unicode_ci;

--
-- Đang đổ dữ liệu cho bảng `menus`
--

INSERT INTO `menus` (`id`, `name`, `parent_id`, `description`, `content`, `active`, `created_at`, `updated_at`) VALUES
(28, 'Nike', 0, 'Giày Nike', '<p>Gi&agrave;y sang gi&aacute; kh&aacute; rẻ</p>', 1, '2021-12-07 02:20:17', '2021-12-07 02:20:17'),
(29, 'Adidas', 0, 'Giày không sang', '<p>Gi&agrave;y kh&aacute; mắc</p>', 1, '2021-12-07 02:20:33', '2021-12-07 02:20:33'),
(30, 'Nike Air Force 1', 28, 'Giày bay', '<p>Bay đi xa</p>', 1, '2021-12-07 02:20:53', '2021-12-07 02:20:53'),
(31, 'Ultra boost', 29, 'Giày siêu êm', '<p>&Ecirc;m for sure</p>', 1, '2021-12-07 03:08:15', '2021-12-07 03:08:15'),
(32, 'Degree', 0, 'Hãng thời trang Degree', '', 1, '2022-03-19 06:26:15', '2022-03-19 06:26:15');

-- --------------------------------------------------------

--
-- Cấu trúc bảng cho bảng `migrations`
--

CREATE TABLE `migrations` (
  `id` int(10) UNSIGNED NOT NULL,
  `migration` varchar(255) COLLATE utf8mb4_unicode_ci NOT NULL,
  `batch` int(11) NOT NULL
) ENGINE=InnoDB DEFAULT CHARSET=utf8mb4 COLLATE=utf8mb4_unicode_ci;

--
-- Đang đổ dữ liệu cho bảng `migrations`
--

INSERT INTO `migrations` (`id`, `migration`, `batch`) VALUES
(1, '2014_10_12_000000_create_users_table', 1),
(2, '2014_10_12_100000_create_password_resets_table', 1),
(3, '2019_08_19_000000_create_failed_jobs_table', 1),
(4, '2019_12_14_000001_create_personal_access_tokens_table', 1),
(5, '2021_11_23_044630_create_menus_table', 2),
(6, '2021_11_28_083050_create_products_table', 3),
(7, '2021_11_28_083753_update_table_product', 4),
(8, '2021_11_29_024103_rename_products_table', 5),
(9, '2021_11_29_033307_create_sliders_table', 6),
(10, '2021_12_07_102912_create_customers_table', 7),
(11, '2021_12_07_102933_create_carts_table', 8),
(12, '2021_12_07_160547_create_jobs_table', 9);

-- --------------------------------------------------------

--
-- Cấu trúc bảng cho bảng `password_resets`
--

CREATE TABLE `password_resets` (
  `email` varchar(255) COLLATE utf8mb4_unicode_ci NOT NULL,
  `token` varchar(255) COLLATE utf8mb4_unicode_ci NOT NULL,
  `created_at` timestamp NULL DEFAULT NULL
) ENGINE=InnoDB DEFAULT CHARSET=utf8mb4 COLLATE=utf8mb4_unicode_ci;

-- --------------------------------------------------------

--
-- Cấu trúc bảng cho bảng `personal_access_tokens`
--

CREATE TABLE `personal_access_tokens` (
  `id` bigint(20) UNSIGNED NOT NULL,
  `tokenable_type` varchar(255) COLLATE utf8mb4_unicode_ci NOT NULL,
  `tokenable_id` bigint(20) UNSIGNED NOT NULL,
  `name` varchar(255) COLLATE utf8mb4_unicode_ci NOT NULL,
  `token` varchar(64) COLLATE utf8mb4_unicode_ci NOT NULL,
  `abilities` text COLLATE utf8mb4_unicode_ci DEFAULT NULL,
  `last_used_at` timestamp NULL DEFAULT NULL,
  `created_at` timestamp NULL DEFAULT NULL,
  `updated_at` timestamp NULL DEFAULT NULL
) ENGINE=InnoDB DEFAULT CHARSET=utf8mb4 COLLATE=utf8mb4_unicode_ci;

-- --------------------------------------------------------

--
-- Cấu trúc bảng cho bảng `products`
--

CREATE TABLE `products` (
  `id` bigint(20) UNSIGNED NOT NULL,
  `name` varchar(255) COLLATE utf8mb4_unicode_ci NOT NULL,
  `description` text COLLATE utf8mb4_unicode_ci NOT NULL,
  `content` longtext COLLATE utf8mb4_unicode_ci NOT NULL,
  `menu_id` int(11) NOT NULL,
  `price` int(11) DEFAULT NULL,
  `price_sale` int(11) DEFAULT NULL,
  `active` int(11) NOT NULL,
  `created_at` timestamp NULL DEFAULT NULL,
  `updated_at` timestamp NULL DEFAULT NULL,
  `thumb` varchar(255) COLLATE utf8mb4_unicode_ci NOT NULL
) ENGINE=InnoDB DEFAULT CHARSET=utf8mb4 COLLATE=utf8mb4_unicode_ci;

--
-- Đang đổ dữ liệu cho bảng `products`
--

INSERT INTO `products` (`id`, `name`, `description`, `content`, `menu_id`, `price`, `price_sale`, `active`, `created_at`, `updated_at`, `thumb`) VALUES
(35, 'Air Force 1 2021', 'Giày của tương lai', '<p>D&agrave;nh cho người s&agrave;nh điệu</p>', 30, 2000000, 600000, 1, '2021-12-07 02:21:46', '2021-12-07 02:21:46', '/storage/uploads/2021/12/07/air-jordan-3-retro-se-4.png'),
(36, 'Adidas 1', 'Giày sang giá mềm', '<p>Cảm nhận sự &ecirc;m &aacute;i</p>', 29, 3000000, 300000, 1, '2021-12-07 02:35:45', '2021-12-07 02:35:45', '/storage/uploads/2021/12/07/air-jordan-3-retro-se-6.png'),
(37, 'Air Jordan 1', 'Giày cho cầu thủ bóng rổ', '<p>123456</p>', 28, 3000000, 200000, 1, '2021-12-07 03:07:19', '2021-12-07 03:07:19', '/storage/uploads/2021/12/07/air-jordan-3-retro-se-1.png'),
(38, 'Ultra boost 2021', 'Cực êm', '<p>&Ecirc;m for sure</p>', 31, 3000000, 0, 1, '2021-12-07 03:09:01', '2021-12-07 03:09:01', '/storage/uploads/2021/12/07/air-jordan-3-retro-se-3.png'),
(39, 'Hà Trí Khang', 'hcjsdksa', '<p>assadjjk</p>', 28, 3000000, 0, 1, '2021-12-07 23:46:28', '2021-12-07 23:46:28', '/storage/uploads/2021/12/08/air-jordan-3-retro-se-6.png');

-- --------------------------------------------------------

--
-- Cấu trúc bảng cho bảng `sliders`
--

CREATE TABLE `sliders` (
  `id` bigint(20) UNSIGNED NOT NULL,
  `name` varchar(255) COLLATE utf8mb4_unicode_ci NOT NULL,
  `url` varchar(255) COLLATE utf8mb4_unicode_ci DEFAULT NULL,
  `thumb` varchar(255) COLLATE utf8mb4_unicode_ci NOT NULL,
  `sort_by` int(11) NOT NULL,
  `active` int(11) NOT NULL,
  `created_at` timestamp NULL DEFAULT NULL,
  `updated_at` timestamp NULL DEFAULT NULL
) ENGINE=InnoDB DEFAULT CHARSET=utf8mb4 COLLATE=utf8mb4_unicode_ci;

--
-- Đang đổ dữ liệu cho bảng `sliders`
--

INSERT INTO `sliders` (`id`, `name`, `url`, `thumb`, `sort_by`, `active`, `created_at`, `updated_at`) VALUES
(7, 'Nike - Be Who You Are', 'http://127.0.0.1:8000/danh-muc/28-nike.html', '/storage/uploads/2021/12/08/banner-02.jpg', 1, 1, '2021-12-07 23:02:57', '2021-12-07 23:28:59'),
(8, 'Adidas', 'http://127.0.0.1:8000/danh-muc/29-adidas.html', '/storage/uploads/2021/12/08/banner-01.jpg', 1, 1, '2021-12-07 23:27:03', '2021-12-07 23:28:52');

-- --------------------------------------------------------

--
-- Cấu trúc bảng cho bảng `users`
--

CREATE TABLE `users` (
  `id` bigint(20) UNSIGNED NOT NULL,
  `name` varchar(255) COLLATE utf8mb4_unicode_ci NOT NULL,
  `email` varchar(255) COLLATE utf8mb4_unicode_ci NOT NULL,
  `email_verified_at` timestamp NULL DEFAULT NULL,
  `password` varchar(255) COLLATE utf8mb4_unicode_ci NOT NULL,
  `remember_token` varchar(100) COLLATE utf8mb4_unicode_ci DEFAULT NULL,
  `created_at` timestamp NULL DEFAULT NULL,
  `updated_at` timestamp NULL DEFAULT NULL
) ENGINE=InnoDB DEFAULT CHARSET=utf8mb4 COLLATE=utf8mb4_unicode_ci;

--
-- Đang đổ dữ liệu cho bảng `users`
--

INSERT INTO `users` (`id`, `name`, `email`, `email_verified_at`, `password`, `remember_token`, `created_at`, `updated_at`) VALUES
(1, 'admin', 'admin@localhost.com', NULL, '$2y$10$2YgeUZUrOSBQYADQv.xlgOR9l8EG/KmKo.TnwxB9QCNPuXp5OIZWu', 'j7O6tRfgeQaR7gqdwwqYi3rzKLRoxEOLJu6U6CTsluyK3MQrk5YbmNhAESVf', '2021-11-22 02:26:01', '2021-11-22 02:26:01');

--
-- Chỉ mục cho các bảng đã đổ
--

--
-- Chỉ mục cho bảng `carts`
--
ALTER TABLE `carts`
  ADD PRIMARY KEY (`id`),
  ADD KEY `carts_customer_id_foreign` (`customer_id`);

--
-- Chỉ mục cho bảng `customers`
--
ALTER TABLE `customers`
  ADD PRIMARY KEY (`id`);

--
-- Chỉ mục cho bảng `failed_jobs`
--
ALTER TABLE `failed_jobs`
  ADD PRIMARY KEY (`id`),
  ADD UNIQUE KEY `failed_jobs_uuid_unique` (`uuid`);

--
-- Chỉ mục cho bảng `jobs`
--
ALTER TABLE `jobs`
  ADD PRIMARY KEY (`id`),
  ADD KEY `jobs_queue_index` (`queue`);

--
-- Chỉ mục cho bảng `menus`
--
ALTER TABLE `menus`
  ADD PRIMARY KEY (`id`);

--
-- Chỉ mục cho bảng `migrations`
--
ALTER TABLE `migrations`
  ADD PRIMARY KEY (`id`);

--
-- Chỉ mục cho bảng `password_resets`
--
ALTER TABLE `password_resets`
  ADD KEY `password_resets_email_index` (`email`);

--
-- Chỉ mục cho bảng `personal_access_tokens`
--
ALTER TABLE `personal_access_tokens`
  ADD PRIMARY KEY (`id`),
  ADD UNIQUE KEY `personal_access_tokens_token_unique` (`token`),
  ADD KEY `personal_access_tokens_tokenable_type_tokenable_id_index` (`tokenable_type`,`tokenable_id`);

--
-- Chỉ mục cho bảng `products`
--
ALTER TABLE `products`
  ADD PRIMARY KEY (`id`);

--
-- Chỉ mục cho bảng `sliders`
--
ALTER TABLE `sliders`
  ADD PRIMARY KEY (`id`);

--
-- Chỉ mục cho bảng `users`
--
ALTER TABLE `users`
  ADD PRIMARY KEY (`id`),
  ADD UNIQUE KEY `users_email_unique` (`email`);

--
-- AUTO_INCREMENT cho các bảng đã đổ
--

--
-- AUTO_INCREMENT cho bảng `carts`
--
ALTER TABLE `carts`
  MODIFY `id` bigint(20) UNSIGNED NOT NULL AUTO_INCREMENT, AUTO_INCREMENT=31;

--
-- AUTO_INCREMENT cho bảng `customers`
--
ALTER TABLE `customers`
  MODIFY `id` bigint(20) UNSIGNED NOT NULL AUTO_INCREMENT, AUTO_INCREMENT=26;

--
-- AUTO_INCREMENT cho bảng `failed_jobs`
--
ALTER TABLE `failed_jobs`
  MODIFY `id` bigint(20) UNSIGNED NOT NULL AUTO_INCREMENT, AUTO_INCREMENT=12;

--
-- AUTO_INCREMENT cho bảng `jobs`
--
ALTER TABLE `jobs`
  MODIFY `id` bigint(20) UNSIGNED NOT NULL AUTO_INCREMENT, AUTO_INCREMENT=12;

--
-- AUTO_INCREMENT cho bảng `menus`
--
ALTER TABLE `menus`
  MODIFY `id` bigint(20) UNSIGNED NOT NULL AUTO_INCREMENT, AUTO_INCREMENT=33;

--
-- AUTO_INCREMENT cho bảng `migrations`
--
ALTER TABLE `migrations`
  MODIFY `id` int(10) UNSIGNED NOT NULL AUTO_INCREMENT, AUTO_INCREMENT=13;

--
-- AUTO_INCREMENT cho bảng `personal_access_tokens`
--
ALTER TABLE `personal_access_tokens`
  MODIFY `id` bigint(20) UNSIGNED NOT NULL AUTO_INCREMENT;

--
-- AUTO_INCREMENT cho bảng `products`
--
ALTER TABLE `products`
  MODIFY `id` bigint(20) UNSIGNED NOT NULL AUTO_INCREMENT, AUTO_INCREMENT=41;

--
-- AUTO_INCREMENT cho bảng `sliders`
--
ALTER TABLE `sliders`
  MODIFY `id` bigint(20) UNSIGNED NOT NULL AUTO_INCREMENT, AUTO_INCREMENT=9;

--
-- AUTO_INCREMENT cho bảng `users`
--
ALTER TABLE `users`
  MODIFY `id` bigint(20) UNSIGNED NOT NULL AUTO_INCREMENT, AUTO_INCREMENT=2;

--
-- Các ràng buộc cho các bảng đã đổ
--

--
-- Các ràng buộc cho bảng `carts`
--
ALTER TABLE `carts`
  ADD CONSTRAINT `carts_customer_id_foreign` FOREIGN KEY (`customer_id`) REFERENCES `customers` (`id`) ON DELETE CASCADE;
COMMIT;

/*!40101 SET CHARACTER_SET_CLIENT=@OLD_CHARACTER_SET_CLIENT */;
/*!40101 SET CHARACTER_SET_RESULTS=@OLD_CHARACTER_SET_RESULTS */;
/*!40101 SET COLLATION_CONNECTION=@OLD_COLLATION_CONNECTION */;
